subset,Method,Mode,Policy,Phase,Tolerance_ms,N,N_sources,mean_F1,between_base_SD_F1,mean_Coverage,between_base_SD_Coverage,mean_MAE_ms,between_base_SD_MAE_ms,mean_MedianAE_ms,between_base_SD_MedianAE_ms,mean_RMSE_ms,between_base_SD_RMSE_ms,mean_P90AE_ms,between_base_SD_P90AE_ms,mean_Outlier1s,between_base_SD_Outlier1s
all_test,Stack,Full3C,accepted,P,50,330,221,0.6935168248726733,0.014013151036601968,0.9905723905723907,0.0015429547794464206,166.6244186727153,32.31898387311963,29.999999999999584,1.2717193232616635e-13,1015.1252460168822,317.8896882100737,175.22222222222229,5.295001136641735,0.012903038899885925,0.0011637478642093112
all_test,Stack,Full3C,accepted,P,100,330,221,0.8268024813560109,0.006942314904482195,0.9905723905723907,0.0015429547794464206,166.6244186727153,32.31898387311963,29.999999999999584,1.2717193232616635e-13,1015.1252460168822,317.8896882100737,175.22222222222229,5.295001136641735,0.012903038899885925,0.0011637478642093112
all_test,Stack,Full3C,accepted,P,200,330,221,0.9063002580491551,0.00035002493003127513,0.9905723905723907,0.0015429547794464206,166.6244186727153,32.31898387311963,29.999999999999584,1.2717193232616635e-13,1015.1252460168822,317.8896882100737,175.22222222222229,5.295001136641735,0.012903038899885925,0.0011637478642093112
all_test,Stack,Full3C,accepted,S,50,330,221,0.37610536507264464,0.016026403382279744,0.9801346801346801,0.005563202573016301,610.2932352651823,49.96569401126754,82.77777777777798,5.357583756107204,2059.6507309243407,246.04592156348642,708.5555555555558,39.54790812466598,0.07864498405297603,0.007974250604963862
all_test,Stack,Full3C,accepted,S,100,330,221,0.5536385548344082,0.012659033460239073,0.9801346801346801,0.005563202573016301,610.2932352651823,49.96569401126754,82.77777777777798,5.357583756107204,2059.6507309243407,246.04592156348642,708.5555555555558,39.54790812466598,0.07864498405297603,0.007974250604963862
all_test,Stack,Full3C,accepted,S,200,330,221,0.6849032374111733,0.011632158015192474,0.9801346801346801,0.005563202573016301,610.2932352651823,49.96569401126754,82.77777777777798,5.357583756107204,2059.6507309243407,246.04592156348642,708.5555555555558,39.54790812466598,0.07864498405297603,0.007974250604963862
all_test,Stack,Full3C,strict,P,50,330,221,0.6968567040678728,0.013448059252418428,0.978114478114478,0.002102692928753683,118.99598940655007,14.025446653543975,29.99999999999941,8.614872834998366e-14,593.096895732879,102.23520970084768,160.88888888888914,2.523959264799929,0.011360594249316614,0.0017950124613574235
all_test,Stack,Full3C,strict,P,100,330,221,0.8306437210611382,0.005851924608008049,0.978114478114478,0.002102692928753683,118.99598940655007,14.025446653543975,29.99999999999941,8.614872834998366e-14,593.096895732879,102.23520970084768,160.88888888888914,2.523959264799929,0.011360594249316614,0.0017950124613574235
all_test,Stack,Full3C,strict,P,200,330,221,0.9089402487217715,0.0008656109462432546,0.978114478114478,0.002102692928753683,118.99598940655007,14.025446653543975,29.99999999999941,8.614872834998366e-14,593.096895732879,102.23520970084768,160.88888888888914,2.523959264799929,0.011360594249316614,0.0017950124613574235
all_test,Stack,Full3C,strict,S,50,330,221,0.379679514517022,0.014242919850624062,0.9457912457912458,0.007714773897232043,498.16094399109846,25.199848950244025,78.33333333333364,4.4095855184411175,1688.3847286568403,107.15549011271169,637.4444444444448,32.47962324174821,0.06659166303328715,0.007866657934336285
all_test,Stack,Full3C,strict,S,100,330,221,0.5565362947771029,0.010364819796482303,0.9457912457912458,0.007714773897232043,498.16094399109846,25.199848950244025,78.33333333333364,4.4095855184411175,1688.3847286568403,107.15549011271169,637.4444444444448,32.47962324174821,0.06659166303328715,0.007866657934336285
all_test,Stack,Full3C,strict,S,200,330,221,0.686291651868573,0.009651144146469335,0.9457912457912458,0.007714773897232043,498.16094399109846,25.199848950244025,78.33333333333364,4.4095855184411175,1688.3847286568403,107.15549011271169,637.4444444444448,32.47962324174821,0.06659166303328715,0.007866657934336285
all_test,Stack,Zonly,accepted,P,50,330,221,0.6943025069049712,0.015891343108977652,0.9902356902356902,0.002102692928753683,178.3012908122193,28.57013031486391,29.999999999999954,2.9665336498576163e-13,1048.7244023524208,259.6049537894337,188.33333333333337,10.137937550497174,0.015282714502221743,0.0020060105117604343
all_test,Stack,Zonly,accepted,P,100,330,221,0.8133945291974217,0.007298712166757752,0.9902356902356902,0.002102692928753683,178.3012908122193,28.57013031486391,29.999999999999954,2.9665336498576163e-13,1048.7244023524208,259.6049537894337,188.33333333333337,10.137937550497174,0.015282714502221743,0.0020060105117604343
all_test,Stack,Zonly,accepted,P,200,330,221,0.9040763926852577,0.006747386890371352,0.9902356902356902,0.002102692928753683,178.3012908122193,28.57013031486391,29.999999999999954,2.9665336498576163e-13,1048.7244023524208,259.6049537894337,188.33333333333337,10.137937550497174,0.015282714502221743,0.0020060105117604343
all_test,Stack,Zonly,accepted,S,50,330,221,0.15493850921479452,0.016449038993389797,0.9205387205387205,0.023041228432223042,1172.9412204155929,163.52741999777902,253.8888888888891,8.552669065744723,2650.3206022131126,399.3173036789,3912.8888888888905,491.3001270250344,0.208571469831419,0.025010791216754844
all_test,Stack,Zonly,accepted,S,100,330,221,0.26861536601170466,0.015246310948536701,0.9205387205387205,0.023041228432223042,1172.9412204155929,163.52741999777902,253.8888888888891,8.552669065744723,2650.3206022131126,399.3173036789,3912.8888888888905,491.3001270250344,0.208571469831419,0.025010791216754844
all_test,Stack,Zonly,accepted,S,200,330,221,0.4237425157249919,0.01653427936339273,0.9205387205387205,0.023041228432223042,1172.9412204155929,163.52741999777902,253.8888888888891,8.552669065744723,2650.3206022131126,399.3173036789,3912.8888888888905,491.3001270250344,0.208571469831419,0.025010791216754844
all_test,Stack,Zonly,strict,P,50,330,221,0.6952964140015072,0.017996280347253316,0.9777777777777777,0.003641970985317184,151.85540901290582,28.47634307550292,29.999999999999954,2.9665336498576163e-13,857.7072106972438,286.76630937222575,180.88888888888906,16.249216505328576,0.013415511499013036,0.0009839575458175437
all_test,Stack,Zonly,strict,P,100,330,221,0.8141035093300091,0.009722373357285841,0.9777777777777777,0.003641970985317184,151.85540901290582,28.47634307550292,29.999999999999954,2.9665336498576163e-13,857.7072106972438,286.76630937222575,180.88888888888906,16.249216505328576,0.013415511499013036,0.0009839575458175437
all_test,Stack,Zonly,strict,P,200,330,221,0.901940512622518,0.007502910787690813,0.9777777777777777,0.003641970985317184,151.85540901290582,28.47634307550292,29.999999999999954,2.9665336498576163e-13,857.7072106972438,286.76630937222575,180.88888888888906,16.249216505328576,0.013415511499013036,0.0009839575458175437
all_test,Stack,Zonly,strict,S,50,330,221,0.14524239523831,0.013096970844833944,0.7080808080808081,0.0582365062844427,1009.6203506003379,220.60591546887846,208.8888888888885,9.47706783846246,2465.656624991005,631.7834425168214,3043.222222222223,641.8100561288746,0.17281165928326417,0.020609557702075253
all_test,Stack,Zonly,strict,S,100,330,221,0.25713497953392894,0.011203058705736665,0.7080808080808081,0.0582365062844427,1009.6203506003379,220.60591546887846,208.8888888888885,9.47706783846246,2465.656624991005,631.7834425168214,3043.222222222223,641.8100561288746,0.17281165928326417,0.020609557702075253
all_test,Stack,Zonly,strict,S,200,330,221,0.4044103517486728,0.022469897288769795,0.7080808080808081,0.0582365062844427,1009.6203506003379,220.60591546887846,208.8888888888885,9.47706783846246,2465.656624991005,631.7834425168214,3043.222222222223,641.8100561288746,0.17281165928326417,0.020609557702075253
all_test,PhaseNetMatched,Full3C,accepted,P,50,330,221,0.9752410294140188,0.002299417530608998,0.998989898989899,0.0017495462702716044,34.46866844739169,6.39271010984647,6.666666666666525,5.773502691896135,299.90537215558993,57.009260980928005,23.333333333333133,5.773502691896647,0.0030333732461392034,5.317769818454685e-06
all_test,PhaseNetMatched,Full3C,accepted,P,100,330,221,0.9833249030517619,0.001515221872468874,0.998989898989899,0.0017495462702716044,34.46866844739169,6.39271010984647,6.666666666666525,5.773502691896135,299.90537215558993,57.009260980928005,23.333333333333133,5.773502691896647,0.0030333732461392034,5.317769818454685e-06
all_test,PhaseNetMatched,Full3C,accepted,P,200,330,221,0.9853466378504315,0.0008628263093145197,0.998989898989899,0.0017495462702716044,34.46866844739169,6.39271010984647,6.666666666666525,5.773502691896135,299.90537215558993,57.009260980928005,23.333333333333133,5.773502691896647,0.0030333732461392034,5.317769818454685e-06
all_test,PhaseNetMatched,Full3C,accepted,S,50,330,221,0.37594615431147765,0.023861514750497435,0.9939393939393939,0.008017428215347233,170.1179883945841,8.284308753342895,80.00000000000007,9.999999999999787,343.7423176206886,68.55390355467561,446.3333333333334,26.27419519858462,0.00912812955366147,0.0052165390833832795
all_test,PhaseNetMatched,Full3C,accepted,S,100,330,221,0.5856856861073289,0.03128829036768158,0.9939393939393939,0.008017428215347233,170.1179883945841,8.284308753342895,80.00000000000007,9.999999999999787,343.7423176206886,68.55390355467561,446.3333333333334,26.27419519858462,0.00912812955366147,0.0052165390833832795
all_test,PhaseNetMatched,Full3C,accepted,S,200,330,221,0.7396461926075382,0.023317245324249763,0.9939393939393939,0.008017428215347233,170.1179883945841,8.284308753342895,80.00000000000007,9.999999999999787,343.7423176206886,68.55390355467561,446.3333333333334,26.27419519858462,0.00912812955366147,0.0052165390833832795
all_test,PhaseNetMatched,Full3C,strict,P,50,330,221,0.9752410294140188,0.002299417530608998,0.998989898989899,0.0017495462702716044,34.46866844739169,6.39271010984647,6.666666666666525,5.773502691896135,299.90537215558993,57.009260980928005,23.333333333333133,5.773502691896647,0.0030333732461392034,5.317769818454685e-06
all_test,PhaseNetMatched,Full3C,strict,P,100,330,221,0.9833249030517619,0.001515221872468874,0.998989898989899,0.0017495462702716044,34.46866844739169,6.39271010984647,6.666666666666525,5.773502691896135,299.90537215558993,57.009260980928005,23.333333333333133,5.773502691896647,0.0030333732461392034,5.317769818454685e-06
all_test,PhaseNetMatched,Full3C,strict,P,200,330,221,0.9853466378504315,0.0008628263093145197,0.998989898989899,0.0017495462702716044,34.46866844739169,6.39271010984647,6.666666666666525,5.773502691896135,299.90537215558993,57.009260980928005,23.333333333333133,5.773502691896647,0.0030333732461392034,5.317769818454685e-06
all_test,PhaseNetMatched,Full3C,strict,S,50,330,221,0.37644538758246393,0.02480402232423003,0.9858585858585859,0.006308078786261049,167.46391412332423,7.814869180022365,80.00000000000007,9.999999999999787,340.46920361346866,70.38874510335611,417.00000000000017,12.124355652981965,0.0092058132224085,0.0052695875572048665
all_test,PhaseNetMatched,Full3C,strict,S,100,330,221,0.5860135255379979,0.030636245192790786,0.9858585858585859,0.006308078786261049,167.46391412332423,7.814869180022365,80.00000000000007,9.999999999999787,340.46920361346866,70.38874510335611,417.00000000000017,12.124355652981965,0.0092058132224085,0.0052695875572048665
all_test,PhaseNetMatched,Full3C,strict,S,200,330,221,0.7395938347665169,0.022992247364754387,0.9858585858585859,0.006308078786261049,167.46391412332423,7.814869180022365,80.00000000000007,9.999999999999787,340.46920361346866,70.38874510335611,417.00000000000017,12.124355652981965,0.0092058132224085,0.0052695875572048665
all_test,PhaseNetMatched,Zonly,accepted,P,50,330,221,0.9732192946153493,0.00913076583393818,0.998989898989899,0.0017495462702716044,25.642933898252885,3.801231470861424,6.666666666666525,5.773502691896135,123.40016284549841,20.798106020744218,23.333333333333133,5.773502691896647,0.0030303030303030303,0.0030303030303030303
all_test,PhaseNetMatched,Zonly,accepted,P,100,330,221,0.9833249030517619,0.0045454779983777035,0.998989898989899,0.0017495462702716044,25.642933898252885,3.801231470861424,6.666666666666525,5.773502691896135,123.40016284549841,20.798106020744218,23.333333333333133,5.773502691896647,0.0030303030303030303,0.0030303030303030303
all_test,PhaseNetMatched,Zonly,accepted,P,200,330,221,0.9833249030517619,0.0045454779983777035,0.998989898989899,0.0017495462702716044,25.642933898252885,3.801231470861424,6.666666666666525,5.773502691896135,123.40016284549841,20.798106020744218,23.333333333333133,5.773502691896647,0.0030303030303030303,0.0030303030303030303
all_test,PhaseNetMatched,Zonly,accepted,S,50,330,221,0.16389926663899265,0.011258463917306172,0.996969696969697,0.0052486388108147495,504.298952831063,86.00554149224469,196.6666666666672,15.275252316518667,1396.978598329226,354.6694274648926,920.9999999999999,68.50547423381586,0.08509869335557409,0.005045928999275584
all_test,PhaseNetMatched,Zonly,accepted,S,100,330,221,0.29947419399474196,0.018041500920815752,0.996969696969697,0.0052486388108147495,504.298952831063,86.00554149224469,196.6666666666672,15.275252316518667,1396.978598329226,354.6694274648926,920.9999999999999,68.50547423381586,0.08509869335557409,0.005045928999275584
all_test,PhaseNetMatched,Zonly,accepted,S,200,330,221,0.5119228817858955,0.020872184042327196,0.996969696969697,0.0052486388108147495,504.298952831063,86.00554149224469,196.6666666666672,15.275252316518667,1396.978598329226,354.6694274648926,920.9999999999999,68.50547423381586,0.08509869335557409,0.005045928999275584
all_test,PhaseNetMatched,Zonly,strict,P,50,330,221,0.9736513539144995,0.00866231809131809,0.9939393939393939,0.0030303030303029943,22.60975927151408,4.005127790913652,6.666666666666525,5.773502691896135,110.5831024067649,15.921161505411966,23.333333333333133,5.773502691896647,0.0010131712259371835,0.001754864040090048
all_test,PhaseNetMatched,Zonly,strict,P,100,330,221,0.983784617651764,0.00490547018966795,0.9939393939393939,0.0030303030303029943,22.60975927151408,4.005127790913652,6.666666666666525,5.773502691896135,110.5831024067649,15.921161505411966,23.333333333333133,5.773502691896647,0.0010131712259371835,0.001754864040090048
all_test,PhaseNetMatched,Zonly,strict,P,200,330,221,0.983784617651764,0.00490547018966795,0.9939393939393939,0.0030303030303029943,22.60975927151408,4.005127790913652,6.666666666666525,5.773502691896135,110.5831024067649,15.921161505411966,23.333333333333133,5.773502691896647,0.0010131712259371835,0.001754864040090048
all_test,PhaseNetMatched,Zonly,strict,S,50,330,221,0.16336608120346477,0.00927600563283233,0.9787878787878788,0.008017428215347233,468.02879669199115,73.26372135662999,193.33333333333292,11.547005383792392,1265.9979694810863,312.00830355234035,910.3333333333333,60.00277771348051,0.08150858657803102,0.004160463520514955
all_test,PhaseNetMatched,Zonly,strict,S,100,330,221,0.30018935224341764,0.015133704174674042,0.9787878787878788,0.008017428215347233,468.02879669199115,73.26372135662999,193.33333333333292,11.547005383792392,1265.9979694810863,312.00830355234035,910.3333333333333,60.00277771348051,0.08150858657803102,0.004160463520514955
all_test,PhaseNetMatched,Zonly,strict,S,200,330,221,0.5115318114043514,0.018189899327042118,0.9787878787878788,0.008017428215347233,468.02879669199115,73.26372135662999,193.33333333333292,11.547005383792392,1265.9979694810863,312.00830355234035,910.3333333333333,60.00277771348051,0.08150858657803102,0.004160463520514955
station_seen_train,Stack,Full3C,accepted,P,50,318,211,0.6927818383131731,0.015372139903884556,0.9902166317260657,0.0016011794881047696,171.25511746306728,33.565958013675015,29.99999999999951,1.4744118460867878e-13,1034.1110234909656,323.82028577323007,180.44444444444457,4.233901974057278,0.013394245308502941,0.001207561767964093
station_seen_train,Stack,Full3C,accepted,P,100,318,211,0.8265551937643335,0.0072050903308294055,0.9902166317260657,0.0016011794881047696,171.25511746306728,33.565958013675015,29.99999999999951,1.4744118460867878e-13,1034.1110234909656,323.82028577323007,180.44444444444457,4.233901974057278,0.013394245308502941,0.001207561767964093
station_seen_train,Stack,Full3C,accepted,P,200,318,211,0.9027473239146265,0.000365723866939887,0.9902166317260657,0.0016011794881047696,171.25511746306728,33.565958013675015,29.99999999999951,1.4744118460867878e-13,1034.1110234909656,323.82028577323007,180.44444444444457,4.233901974057278,0.013394245308502941,0.001207561767964093
station_seen_train,Stack,Full3C,accepted,S,50,318,211,0.3629125621599831,0.01726587535397288,0.9793850454227813,0.005773134745582939,629.7168840681246,53.58758341720158,89.99999999999986,6.666666666666529,2098.3493911856867,250.9119975848122,725.2222222222225,41.66844440651989,0.0806037171780009,0.008483355216425707
station_seen_train,Stack,Full3C,accepted,S,100,318,211,0.5429809340049717,0.012537198334409708,0.9793850454227813,0.005773134745582939,629.7168840681246,53.58758341720158,89.99999999999986,6.666666666666529,2098.3493911856867,250.9119975848122,725.2222222222225,41.66844440651989,0.0806037171780009,0.008483355216425707
station_seen_train,Stack,Full3C,accepted,S,200,318,211,0.676072989782198,0.009399590169612683,0.9793850454227813,0.005773134745582939,629.7168840681246,53.58758341720158,89.99999999999986,6.666666666666529,2098.3493911856867,250.9119975848122,725.2222222222225,41.66844440651989,0.0806037171780009,0.008483355216425707
station_seen_train,Stack,Full3C,strict,P,50,318,211,0.6962450345835628,0.014718269208523368,0.977288609364081,0.0021820398317254908,121.86410435886282,14.485054895431022,29.99999999999941,8.614872834998366e-14,604.3039785717199,104.20404989717409,165.6666666666667,2.0275875100993916,0.011799300072613652,0.0018645831303000825
station_seen_train,Stack,Full3C,strict,P,100,318,211,0.8305412748053473,0.006075084893234661,0.977288609364081,0.0021820398317254908,121.86410435886282,14.485054895431022,29.99999999999941,8.614872834998366e-14,604.3039785717199,104.20404989717409,165.6666666666667,2.0275875100993916,0.011799300072613652,0.0018645831303000825
station_seen_train,Stack,Full3C,strict,P,200,318,211,0.9054647111087226,0.0009020929644097871,0.977288609364081,0.0021820398317254908,121.86410435886282,14.485054895431022,29.99999999999941,8.614872834998366e-14,604.3039785717199,104.20404989717409,165.6666666666667,2.0275875100993916,0.011799300072613652,0.0018645831303000825
station_seen_train,Stack,Full3C,strict,S,50,318,211,0.36638940898075584,0.015204176536872378,0.9437456324248777,0.008005897440523836,513.8557992925066,26.85778133746273,83.33333333333353,4.409585518440779,1721.1302959455577,109.49829103134762,651.4444444444451,34.77280759657166,0.06813577318792155,0.008394569146965392
station_seen_train,Stack,Full3C,strict,S,100,318,211,0.5457922102985965,0.009758759273272015,0.9437456324248777,0.008005897440523836,513.8557992925066,26.85778133746273,83.33333333333353,4.409585518440779,1721.1302959455577,109.49829103134762,651.4444444444451,34.77280759657166,0.06813577318792155,0.008394569146965392
station_seen_train,Stack,Full3C,strict,S,200,318,211,0.6773491146069864,0.006724012384704451,0.9437456324248777,0.008005897440523836,513.8557992925066,26.85778133746273,83.33333333333353,4.409585518440779,1721.1302959455577,109.49829103134762,651.4444444444451,34.77280759657166,0.06813577318792155,0.008394569146965392
station_seen_train,Stack,Zonly,accepted,P,50,318,211,0.6942943146586756,0.018237920529476086,0.9898672257162823,0.0021820398317254908,183.38675748054374,29.61589061728588,29.999999999999954,2.9665336498576163e-13,1068.3742867178908,264.4487827975357,194.77777777777794,11.50040256944345,0.015864625271918283,0.00208113591461163
station_seen_train,Stack,Zonly,accepted,P,100,318,211,0.8126381180787329,0.007576174847810152,0.9898672257162823,0.0021820398317254908,183.38675748054374,29.61589061728588,29.999999999999954,2.9665336498576163e-13,1068.3742867178908,264.4487827975357,194.77777777777794,11.50040256944345,0.015864625271918283,0.00208113591461163
station_seen_train,Stack,Zonly,accepted,P,200,318,211,0.9004381411587871,0.007007659148928697,0.9898672257162823,0.0021820398317254908,183.38675748054374,29.61589061728588,29.999999999999954,2.9665336498576163e-13,1068.3742867178908,264.4487827975357,194.77777777777794,11.50040256944345,0.015864625271918283,0.00208113591461163
station_seen_train,Stack,Zonly,accepted,S,50,318,211,0.153767874029888,0.016890066331181564,0.9175401816911251,0.023910708750420156,1168.927531972383,167.59583702328908,255.5555555555557,5.853140973807064,2630.1514636477573,417.42808460740844,3930.2222222222226,482.54583355519895,0.2057190994321287,0.02460909980098911
station_seen_train,Stack,Zonly,accepted,S,100,318,211,0.26899354844379686,0.01358758450504163,0.9175401816911251,0.023910708750420156,1168.927531972383,167.59583702328908,255.5555555555557,5.853140973807064,2630.1514636477573,417.42808460740844,3930.2222222222226,482.54583355519895,0.2057190994321287,0.02460909980098911
station_seen_train,Stack,Zonly,accepted,S,200,318,211,0.4196524195913987,0.01603952659481787,0.9175401816911251,0.023910708750420156,1168.927531972383,167.59583702328908,255.5555555555557,5.853140973807064,2630.1514636477573,417.42808460740844,3930.2222222222226,482.54583355519895,0.2057190994321287,0.02460909980098911
station_seen_train,Stack,Zonly,strict,P,50,318,211,0.695327269605514,0.020407772766738094,0.9769392033542977,0.003779403852687655,155.9905317733731,29.461394374994775,29.999999999999954,2.9665336498576163e-13,873.9612323796048,292.1661237833667,189.22222222222246,16.11532511939169,0.013933165060782371,0.001019994011235339
station_seen_train,Stack,Zonly,strict,P,100,318,211,0.813369677805277,0.010092488844789275,0.9769392033542977,0.003779403852687655,155.9905317733731,29.461394374994775,29.999999999999954,2.9665336498576163e-13,873.9612323796048,292.1661237833667,189.22222222222246,16.11532511939169,0.013933165060782371,0.001019994011235339
station_seen_train,Stack,Zonly,strict,P,200,318,211,0.8981969276771181,0.007787230474815176,0.9769392033542977,0.003779403852687655,155.9905317733731,29.461394374994775,29.999999999999954,2.9665336498576163e-13,873.9612323796048,292.1661237833667,189.22222222222246,16.11532511939169,0.013933165060782371,0.001019994011235339
station_seen_train,Stack,Zonly,strict,S,50,318,211,0.14352306276367108,0.013589528517399068,0.6970649895178197,0.06043411029517645,994.560236059111,229.81168956032624,208.33333333333303,8.660254037844714,2420.6031885383513,675.4221056321068,3079.6666666666683,661.8976087314759,0.16693819272753396,0.01935381918597348
station_seen_train,Stack,Zonly,strict,S,100,318,211,0.2570630701808055,0.009531151237028572,0.6970649895178197,0.06043411029517645,994.560236059111,229.81168956032624,208.33333333333303,8.660254037844714,2420.6031885383513,675.4221056321068,3079.6666666666683,661.8976087314759,0.16693819272753396,0.01935381918597348
station_seen_train,Stack,Zonly,strict,S,200,318,211,0.39890350141301256,0.023301092766373842,0.6970649895178197,0.06043411029517645,994.560236059111,229.81168956032624,208.33333333333303,8.660254037844714,2420.6031885383513,675.4221056321068,3079.6666666666683,661.8976087314759,0.16693819272753396,0.01935381918597348
station_seen_train,PhaseNetMatched,Full3C,accepted,P,50,318,211,0.9774525825781212,0.0023877516345803228,0.9989517819706499,0.0018155668842441057,33.976119146346946,6.4955597738620865,6.666666666666525,5.773502691896135,304.3318979338701,58.21699739739588,23.333333333333133,5.773502691896647,0.0031479607695309142,5.727340328845607e-06
station_seen_train,PhaseNetMatched,Full3C,accepted,P,100,318,211,0.9858416282870301,0.0015723796847586814,0.9989517819706499,0.0018155668842441057,33.976119146346946,6.4955597738620865,6.666666666666525,5.773502691896135,304.3318979338701,58.21699739739588,23.333333333333133,5.773502691896647,0.0031479607695309142,5.727340328845607e-06
station_seen_train,PhaseNetMatched,Full3C,accepted,P,200,318,211,0.9879397150827844,0.0008977763805553758,0.9989517819706499,0.0018155668842441057,33.976119146346946,6.4955597738620865,6.666666666666525,5.773502691896135,304.3318979338701,58.21699739739588,23.333333333333133,5.773502691896647,0.0031479607695309142,5.727340328845607e-06
station_seen_train,PhaseNetMatched,Full3C,accepted,S,50,318,211,0.3649332253317033,0.02344972989700332,0.9937106918238994,0.008319972676303742,174.67037794650938,7.965932470933539,80.00000000000007,9.999999999999787,349.9026380995346,69.9195779086701,456.6666666666665,31.770006819850206,0.009474065021021091,0.005412120795136006
station_seen_train,PhaseNetMatched,Full3C,accepted,S,100,318,211,0.5742073747972843,0.03213401101023735,0.9937106918238994,0.008319972676303742,174.67037794650938,7.965932470933539,80.00000000000007,9.999999999999787,349.9026380995346,69.9195779086701,456.6666666666665,31.770006819850206,0.009474065021021091,0.005412120795136006
station_seen_train,PhaseNetMatched,Full3C,accepted,S,200,318,211,0.7318897310787142,0.02303240149724441,0.9937106918238994,0.008319972676303742,174.67037794650938,7.965932470933539,80.00000000000007,9.999999999999787,349.9026380995346,69.9195779086701,456.6666666666665,31.770006819850206,0.009474065021021091,0.005412120795136006
station_seen_train,PhaseNetMatched,Full3C,strict,P,50,318,211,0.9774525825781212,0.0023877516345803228,0.9989517819706499,0.0018155668842441057,33.976119146346946,6.4955597738620865,6.666666666666525,5.773502691896135,304.3318979338701,58.21699739739588,23.333333333333133,5.773502691896647,0.0031479607695309142,5.727340328845607e-06
station_seen_train,PhaseNetMatched,Full3C,strict,P,100,318,211,0.9858416282870301,0.0015723796847586814,0.9989517819706499,0.0018155668842441057,33.976119146346946,6.4955597738620865,6.666666666666525,5.773502691896135,304.3318979338701,58.21699739739588,23.333333333333133,5.773502691896647,0.0031479607695309142,5.727340328845607e-06
station_seen_train,PhaseNetMatched,Full3C,strict,P,200,318,211,0.9879397150827844,0.0008977763805553758,0.9989517819706499,0.0018155668842441057,33.976119146346946,6.4955597738620865,6.666666666666525,5.773502691896135,304.3318979338701,58.21699739739588,23.333333333333133,5.773502691896647,0.0031479607695309142,5.727340328845607e-06
station_seen_train,PhaseNetMatched,Full3C,strict,S,50,318,211,0.36540608745088354,0.02472666480426362,0.9853249475890985,0.0065461194951765165,171.95319583676434,7.4837728462988595,80.00000000000007,9.999999999999787,346.6147208613606,71.80043399978355,438.6666666666668,16.165807537309703,0.009557770263936933,0.005469249408203209
station_seen_train,PhaseNetMatched,Full3C,strict,S,100,318,211,0.5744989766085636,0.031586240496608825,0.9853249475890985,0.0065461194951765165,171.95319583676434,7.4837728462988595,80.00000000000007,9.999999999999787,346.6147208613606,71.80043399978355,438.6666666666668,16.165807537309703,0.009557770263936933,0.005469249408203209
station_seen_train,PhaseNetMatched,Full3C,strict,S,200,318,211,0.7318033530419679,0.02273238272925995,0.9853249475890985,0.0065461194951765165,171.95319583676434,7.4837728462988595,80.00000000000007,9.999999999999787,346.6147208613606,71.80043399978355,438.6666666666668,16.165807537309703,0.009557770263936933,0.005469249408203209
station_seen_train,PhaseNetMatched,Zonly,accepted,P,50,318,211,0.9753544957823669,0.009475507486880991,0.9989517819706499,0.0018155668842441057,24.796209220350473,3.9275722610244768,6.666666666666525,5.773502691896135,122.92188007670184,21.4539729051666,23.333333333333133,5.773502691896647,0.0031446540880503146,0.0031446540880503146
station_seen_train,PhaseNetMatched,Zonly,accepted,P,100,318,211,0.9858416282870301,0.004716998679247739,0.9989517819706499,0.0018155668842441057,24.796209220350473,3.9275722610244768,6.666666666666525,5.773502691896135,122.92188007670184,21.4539729051666,23.333333333333133,5.773502691896647,0.0031446540880503146,0.0031446540880503146
station_seen_train,PhaseNetMatched,Zonly,accepted,P,200,318,211,0.9858416282870301,0.004716998679247739,0.9989517819706499,0.0018155668842441057,24.796209220350473,3.9275722610244768,6.666666666666525,5.773502691896135,122.92188007670184,21.4539729051666,23.333333333333133,5.773502691896647,0.0031446540880503146,0.0031446540880503146
station_seen_train,PhaseNetMatched,Zonly,accepted,S,50,318,211,0.16589664868302084,0.013430835293718999,0.9968553459119497,0.0054467006527323175,505.7468303883399,90.1272624874041,198.33333333333354,16.07275126832208,1417.3976071175002,362.89624825560145,909.3333333333334,70.23769168568515,0.0809623639812319,0.006439633991362738
station_seen_train,PhaseNetMatched,Zonly,accepted,S,100,318,211,0.3023984818226077,0.021442873100676278,0.9968553459119497,0.0054467006527323175,505.7468303883399,90.1272624874041,198.33333333333354,16.07275126832208,1417.3976071175002,362.89624825560145,909.3333333333334,70.23769168568515,0.0809623639812319,0.006439633991362738
station_seen_train,PhaseNetMatched,Zonly,accepted,S,200,318,211,0.5113316840044909,0.02527017892778315,0.9968553459119497,0.0054467006527323175,505.7468303883399,90.1272624874041,198.33333333333354,16.07275126832208,1417.3976071175002,362.89624825560145,909.3333333333334,70.23769168568515,0.0809623639812319,0.006439633991362738
station_seen_train,PhaseNetMatched,Zonly,strict,P,50,318,211,0.9758082634007466,0.008987532257593881,0.9937106918238994,0.0031446540880503138,21.643610239065886,4.077244135635057,6.666666666666525,5.773502691896135,109.53844823169872,16.462082001336,23.333333333333133,5.773502691896647,0.0010515247108307045,0.0018212942245729518
station_seen_train,PhaseNetMatched,Zonly,strict,P,100,318,211,0.9863251821496358,0.005087311811709476,0.9937106918238994,0.0031446540880503138,21.643610239065886,4.077244135635057,6.666666666666525,5.773502691896135,109.53844823169872,16.462082001336,23.333333333333133,5.773502691896647,0.0010515247108307045,0.0018212942245729518
station_seen_train,PhaseNetMatched,Zonly,strict,P,200,318,211,0.9863251821496358,0.005087311811709476,0.9937106918238994,0.0031446540880503138,21.643610239065886,4.077244135635057,6.666666666666525,5.773502691896135,109.53844823169872,16.462082001336,23.333333333333133,5.773502691896647,0.0010515247108307045,0.0018212942245729518
station_seen_train,PhaseNetMatched,Zonly,strict,S,50,318,211,0.16536399808755164,0.011465873381425894,0.9779874213836478,0.008319972676303742,468.09880658922197,76.96628464335161,194.9999999999994,13.22875655532268,1283.6926610118976,319.69613672205867,900.6666666666665,68.47870715290443,0.07715345534834353,0.005143682707767321
station_seen_train,PhaseNetMatched,Zonly,strict,S,100,318,211,0.30316911400743035,0.01857058104785511,0.9779874213836478,0.008319972676303742,468.09880658922197,76.96628464335161,194.9999999999994,13.22875655532268,1283.6926610118976,319.69613672205867,900.6666666666665,68.47870715290443,0.07715345534834353,0.005143682707767321
station_seen_train,PhaseNetMatched,Zonly,strict,S,200,318,211,0.5109239007741815,0.022530264198603246,0.9779874213836478,0.008319972676303742,468.09880658922197,76.96628464335161,194.9999999999994,13.22875655532268,1283.6926610118976,319.69613672205867,900.6666666666665,68.47870715290443,0.07715345534834353,0.005143682707767321
station_unseen_train,Stack,Full3C,accepted,P,50,12,10,0.712962962962963,0.06415002990995838,1.0,0.0,44.72222222222222,2.2047927592204664,31.666666666666536,2.812109962243927e-13,64.8545960382657,5.1683338496711055,130.2222222222223,15.685567794537791,0.0,0.0
station_unseen_train,Stack,Full3C,accepted,P,100,12,10,0.8333333333333334,0.0,1.0,0.0,44.72222222222222,2.2047927592204664,31.666666666666536,2.812109962243927e-13,64.8545960382657,5.1683338496711055,130.2222222222223,15.685567794537791,0.0,0.0
station_unseen_train,Stack,Full3C,accepted,P,200,12,10,1.0,0.0,1.0,0.0,44.72222222222222,2.2047927592204664,31.666666666666536,2.812109962243927e-13,64.8545960382657,5.1683338496711055,130.2222222222223,15.685567794537791,0.0,0.0
station_unseen_train,Stack,Full3C,accepted,S,50,12,10,0.7222222222222222,0.048112522432468836,1.0,0.0,105.83333333333354,62.39868331152802,32.77777777777797,7.698003589195614,209.62475445267717,129.32606563479703,258.888888888889,272.81624530753976,0.027777777777777776,0.027777777777777776
station_unseen_train,Stack,Full3C,accepted,S,100,12,10,0.8333333333333334,0.10015420209622192,1.0,0.0,105.83333333333354,62.39868331152802,32.77777777777797,7.698003589195614,209.62475445267717,129.32606563479703,258.888888888889,272.81624530753976,0.027777777777777776,0.027777777777777776
station_unseen_train,Stack,Full3C,accepted,S,200,12,10,0.9166666666666666,0.1001542020962219,1.0,0.0,105.83333333333354,62.39868331152802,32.77777777777797,7.698003589195614,209.62475445267717,129.32606563479703,258.888888888889,272.81624530753976,0.027777777777777776,0.027777777777777776
station_unseen_train,Stack,Full3C,strict,P,50,12,10,0.712962962962963,0.06415002990995838,1.0,0.0,44.72222222222222,2.2047927592204664,31.666666666666536,2.812109962243927e-13,64.8545960382657,5.1683338496711055,130.2222222222223,15.685567794537791,0.0,0.0
station_unseen_train,Stack,Full3C,strict,P,100,12,10,0.8333333333333334,0.0,1.0,0.0,44.72222222222222,2.2047927592204664,31.666666666666536,2.812109962243927e-13,64.8545960382657,5.1683338496711055,130.2222222222223,15.685567794537791,0.0,0.0
station_unseen_train,Stack,Full3C,strict,P,200,12,10,1.0,0.0,1.0,0.0,44.72222222222222,2.2047927592204664,31.666666666666536,2.812109962243927e-13,64.8545960382657,5.1683338496711055,130.2222222222223,15.685567794537791,0.0,0.0
station_unseen_train,Stack,Full3C,strict,S,50,12,10,0.7222222222222222,0.048112522432468836,1.0,0.0,105.83333333333354,62.39868331152802,32.77777777777797,7.698003589195614,209.62475445267717,129.32606563479703,258.888888888889,272.81624530753976,0.027777777777777776,0.027777777777777776
station_unseen_train,Stack,Full3C,strict,S,100,12,10,0.8333333333333334,0.10015420209622192,1.0,0.0,105.83333333333354,62.39868331152802,32.77777777777797,7.698003589195614,209.62475445267717,129.32606563479703,258.888888888889,272.81624530753976,0.027777777777777776,0.027777777777777776
station_unseen_train,Stack,Full3C,strict,S,200,12,10,0.9166666666666666,0.1001542020962219,1.0,0.0,105.83333333333354,62.39868331152802,32.77777777777797,7.698003589195614,209.62475445267717,129.32606563479703,258.888888888889,272.81624530753976,0.027777777777777776,0.027777777777777776
station_unseen_train,Stack,Zonly,accepted,P,50,12,10,0.6944444444444444,0.048112522432468836,1.0,0.0,44.53703703703703,2.426915263348362,30.555555555555447,0.9622504486494642,64.19527110114255,4.110357471748895,128.33333333333337,9.70108814057012,0.0,0.0
station_unseen_train,Stack,Zonly,accepted,P,100,12,10,0.8333333333333334,0.0,1.0,0.0,44.53703703703703,2.426915263348362,30.555555555555447,0.9622504486494642,64.19527110114255,4.110357471748895,128.33333333333337,9.70108814057012,0.0,0.0
station_unseen_train,Stack,Zonly,accepted,P,200,12,10,1.0,0.0,1.0,0.0,44.53703703703703,2.426915263348362,30.555555555555447,0.9622504486494642,64.19527110114255,4.110357471748895,128.33333333333337,9.70108814057012,0.0,0.0
station_unseen_train,Stack,Zonly,accepted,S,50,12,10,0.18518518518518517,0.032075014954979206,1.0,0.0,1271.6666666666667,68.81997000584165,280.5555555555555,171.28868851974667,3080.6133992556206,16.61087116672351,1155.1111111111113,179.7533289239987,0.2777777777777778,0.0481125224324688
station_unseen_train,Stack,Zonly,accepted,S,100,12,10,0.25925925925925924,0.057824055540725894,1.0,0.0,1271.6666666666667,68.81997000584165,280.5555555555555,171.28868851974667,3080.6133992556206,16.61087116672351,1155.1111111111113,179.7533289239987,0.2777777777777778,0.0481125224324688
station_unseen_train,Stack,Zonly,accepted,S,200,12,10,0.5277777777777778,0.048112522432468836,1.0,0.0,1271.6666666666667,68.81997000584165,280.5555555555555,171.28868851974667,3080.6133992556206,16.61087116672351,1155.1111111111113,179.7533289239987,0.2777777777777778,0.0481125224324688
station_unseen_train,Stack,Zonly,strict,P,50,12,10,0.6944444444444444,0.048112522432468836,1.0,0.0,44.53703703703703,2.426915263348362,30.555555555555447,0.9622504486494642,64.19527110114255,4.110357471748895,128.33333333333337,9.70108814057012,0.0,0.0
station_unseen_train,Stack,Zonly,strict,P,100,12,10,0.8333333333333334,0.0,1.0,0.0,44.53703703703703,2.426915263348362,30.555555555555447,0.9622504486494642,64.19527110114255,4.110357471748895,128.33333333333337,9.70108814057012,0.0,0.0
station_unseen_train,Stack,Zonly,strict,P,200,12,10,1.0,0.0,1.0,0.0,44.53703703703703,2.426915263348362,30.555555555555447,0.9622504486494642,64.19527110114255,4.110357471748895,128.33333333333337,9.70108814057012,0.0,0.0
station_unseen_train,Stack,Zonly,strict,S,50,12,10,0.18518518518518517,0.032075014954979206,1.0,0.0,1271.6666666666667,68.81997000584165,280.5555555555555,171.28868851974667,3080.6133992556206,16.61087116672351,1155.1111111111113,179.7533289239987,0.2777777777777778,0.0481125224324688
station_unseen_train,Stack,Zonly,strict,S,100,12,10,0.25925925925925924,0.057824055540725894,1.0,0.0,1271.6666666666667,68.81997000584165,280.5555555555555,171.28868851974667,3080.6133992556206,16.61087116672351,1155.1111111111113,179.7533289239987,0.2777777777777778,0.0481125224324688
station_unseen_train,Stack,Zonly,strict,S,200,12,10,0.5277777777777778,0.048112522432468836,1.0,0.0,1271.6666666666667,68.81997000584165,280.5555555555555,171.28868851974667,3080.6133992556206,16.61087116672351,1155.1111111111113,179.7533289239987,0.2777777777777778,0.0481125224324688
station_unseen_train,PhaseNetMatched,Full3C,accepted,P,50,12,10,0.9166666666666666,0.0,1.0,0.0,47.49999999999989,7.12000312109782,9.999999999999787,9.999999999999787,137.15557307463573,4.474724779520674,22.333333333333126,5.859465277082644,0.0,0.0
station_unseen_train,PhaseNetMatched,Full3C,accepted,P,100,12,10,0.9166666666666666,0.0,1.0,0.0,47.49999999999989,7.12000312109782,9.999999999999787,9.999999999999787,137.15557307463573,4.474724779520674,22.333333333333126,5.859465277082644,0.0,0.0
station_unseen_train,PhaseNetMatched,Full3C,accepted,P,200,12,10,0.9166666666666666,0.0,1.0,0.0,47.49999999999989,7.12000312109782,9.999999999999787,9.999999999999787,137.15557307463573,4.474724779520674,22.333333333333126,5.859465277082644,0.0,0.0
station_unseen_train,PhaseNetMatched,Full3C,accepted,S,50,12,10,0.6666666666666666,0.14433756729740643,1.0,0.0,50.27777777777774,15.906264780244951,34.999999999999844,18.027756377320546,73.57480291437133,13.264836881787739,88.33333333333377,25.146238950056777,0.0,0.0
station_unseen_train,PhaseNetMatched,Full3C,accepted,S,100,12,10,0.8888888888888888,0.048112522432468774,1.0,0.0,50.27777777777774,15.906264780244951,34.999999999999844,18.027756377320546,73.57480291437133,13.264836881787739,88.33333333333377,25.146238950056777,0.0,0.0
station_unseen_train,PhaseNetMatched,Full3C,accepted,S,200,12,10,0.9444444444444444,0.048112522432468836,1.0,0.0,50.27777777777774,15.906264780244951,34.999999999999844,18.027756377320546,73.57480291437133,13.264836881787739,88.33333333333377,25.146238950056777,0.0,0.0
station_unseen_train,PhaseNetMatched,Full3C,strict,P,50,12,10,0.9166666666666666,0.0,1.0,0.0,47.49999999999989,7.12000312109782,9.999999999999787,9.999999999999787,137.15557307463573,4.474724779520674,22.333333333333126,5.859465277082644,0.0,0.0
station_unseen_train,PhaseNetMatched,Full3C,strict,P,100,12,10,0.9166666666666666,0.0,1.0,0.0,47.49999999999989,7.12000312109782,9.999999999999787,9.999999999999787,137.15557307463573,4.474724779520674,22.333333333333126,5.859465277082644,0.0,0.0
station_unseen_train,PhaseNetMatched,Full3C,strict,P,200,12,10,0.9166666666666666,0.0,1.0,0.0,47.49999999999989,7.12000312109782,9.999999999999787,9.999999999999787,137.15557307463573,4.474724779520674,22.333333333333126,5.859465277082644,0.0,0.0
station_unseen_train,PhaseNetMatched,Full3C,strict,S,50,12,10,0.6666666666666666,0.14433756729740643,1.0,0.0,50.27777777777774,15.906264780244951,34.999999999999844,18.027756377320546,73.57480291437133,13.264836881787739,88.33333333333377,25.146238950056777,0.0,0.0
station_unseen_train,PhaseNetMatched,Full3C,strict,S,100,12,10,0.8888888888888888,0.048112522432468774,1.0,0.0,50.27777777777774,15.906264780244951,34.999999999999844,18.027756377320546,73.57480291437133,13.264836881787739,88.33333333333377,25.146238950056777,0.0,0.0
station_unseen_train,PhaseNetMatched,Full3C,strict,S,200,12,10,0.9444444444444444,0.048112522432468836,1.0,0.0,50.27777777777774,15.906264780244951,34.999999999999844,18.027756377320546,73.57480291437133,13.264836881787739,88.33333333333377,25.146238950056777,0.0,0.0
station_unseen_train,PhaseNetMatched,Zonly,accepted,P,50,12,10,0.9166666666666666,0.0,1.0,0.0,48.05555555555549,2.4056261216233263,3.3333333333332624,5.773502691896135,134.60858530715439,5.770021006016332,35.333333333333414,4.618802153516863,0.0,0.0
station_unseen_train,PhaseNetMatched,Zonly,accepted,P,100,12,10,0.9166666666666666,0.0,1.0,0.0,48.05555555555549,2.4056261216233263,3.3333333333332624,5.773502691896135,134.60858530715439,5.770021006016332,35.333333333333414,4.618802153516863,0.0,0.0
station_unseen_train,PhaseNetMatched,Zonly,accepted,P,200,12,10,0.9166666666666666,0.0,1.0,0.0,48.05555555555549,2.4056261216233263,3.3333333333332624,5.773502691896135,134.60858530715439,5.770021006016332,35.333333333333414,4.618802153516863,0.0,0.0
station_unseen_train,PhaseNetMatched,Zonly,accepted,S,50,12,10,0.1111111111111111,0.04811252243246881,1.0,0.0,465.8333333333335,25.658007197234348,188.33333333333331,28.431203515386336,639.6449722626246,54.1045055614868,1082.0000000000002,35.15679166249428,0.19444444444444445,0.04811252243246882
station_unseen_train,PhaseNetMatched,Zonly,accepted,S,100,12,10,0.2222222222222222,0.09622504486493762,1.0,0.0,465.8333333333335,25.658007197234348,188.33333333333331,28.431203515386336,639.6449722626246,54.1045055614868,1082.0000000000002,35.15679166249428,0.19444444444444445,0.04811252243246882
station_unseen_train,PhaseNetMatched,Zonly,accepted,S,200,12,10,0.5277777777777778,0.09622504486493764,1.0,0.0,465.8333333333335,25.658007197234348,188.33333333333331,28.431203515386336,639.6449722626246,54.1045055614868,1082.0000000000002,35.15679166249428,0.19444444444444445,0.04811252243246882
station_unseen_train,PhaseNetMatched,Zonly,strict,P,50,12,10,0.9166666666666666,0.0,1.0,0.0,48.05555555555549,2.4056261216233263,3.3333333333332624,5.773502691896135,134.60858530715439,5.770021006016332,35.333333333333414,4.618802153516863,0.0,0.0
station_unseen_train,PhaseNetMatched,Zonly,strict,P,100,12,10,0.9166666666666666,0.0,1.0,0.0,48.05555555555549,2.4056261216233263,3.3333333333332624,5.773502691896135,134.60858530715439,5.770021006016332,35.333333333333414,4.618802153516863,0.0,0.0
station_unseen_train,PhaseNetMatched,Zonly,strict,P,200,12,10,0.9166666666666666,0.0,1.0,0.0,48.05555555555549,2.4056261216233263,3.3333333333332624,5.773502691896135,134.60858530715439,5.770021006016332,35.333333333333414,4.618802153516863,0.0,0.0
station_unseen_train,PhaseNetMatched,Zonly,strict,S,50,12,10,0.1111111111111111,0.04811252243246881,1.0,0.0,465.8333333333335,25.658007197234348,188.33333333333331,28.431203515386336,639.6449722626246,54.1045055614868,1082.0000000000002,35.15679166249428,0.19444444444444445,0.04811252243246882
station_unseen_train,PhaseNetMatched,Zonly,strict,S,100,12,10,0.2222222222222222,0.09622504486493762,1.0,0.0,465.8333333333335,25.658007197234348,188.33333333333331,28.431203515386336,639.6449722626246,54.1045055614868,1082.0000000000002,35.15679166249428,0.19444444444444445,0.04811252243246882
station_unseen_train,PhaseNetMatched,Zonly,strict,S,200,12,10,0.5277777777777778,0.09622504486493764,1.0,0.0,465.8333333333335,25.658007197234348,188.33333333333331,28.431203515386336,639.6449722626246,54.1045055614868,1082.0000000000002,35.15679166249428,0.19444444444444445,0.04811252243246882
station_unseen_train_and_val,Stack,Full3C,accepted,P,50,12,10,0.712962962962963,0.06415002990995838,1.0,0.0,44.72222222222222,2.2047927592204664,31.666666666666536,2.812109962243927e-13,64.8545960382657,5.1683338496711055,130.2222222222223,15.685567794537791,0.0,0.0
station_unseen_train_and_val,Stack,Full3C,accepted,P,100,12,10,0.8333333333333334,0.0,1.0,0.0,44.72222222222222,2.2047927592204664,31.666666666666536,2.812109962243927e-13,64.8545960382657,5.1683338496711055,130.2222222222223,15.685567794537791,0.0,0.0
station_unseen_train_and_val,Stack,Full3C,accepted,P,200,12,10,1.0,0.0,1.0,0.0,44.72222222222222,2.2047927592204664,31.666666666666536,2.812109962243927e-13,64.8545960382657,5.1683338496711055,130.2222222222223,15.685567794537791,0.0,0.0
station_unseen_train_and_val,Stack,Full3C,accepted,S,50,12,10,0.7222222222222222,0.048112522432468836,1.0,0.0,105.83333333333354,62.39868331152802,32.77777777777797,7.698003589195614,209.62475445267717,129.32606563479703,258.888888888889,272.81624530753976,0.027777777777777776,0.027777777777777776
station_unseen_train_and_val,Stack,Full3C,accepted,S,100,12,10,0.8333333333333334,0.10015420209622192,1.0,0.0,105.83333333333354,62.39868331152802,32.77777777777797,7.698003589195614,209.62475445267717,129.32606563479703,258.888888888889,272.81624530753976,0.027777777777777776,0.027777777777777776
station_unseen_train_and_val,Stack,Full3C,accepted,S,200,12,10,0.9166666666666666,0.1001542020962219,1.0,0.0,105.83333333333354,62.39868331152802,32.77777777777797,7.698003589195614,209.62475445267717,129.32606563479703,258.888888888889,272.81624530753976,0.027777777777777776,0.027777777777777776
station_unseen_train_and_val,Stack,Full3C,strict,P,50,12,10,0.712962962962963,0.06415002990995838,1.0,0.0,44.72222222222222,2.2047927592204664,31.666666666666536,2.812109962243927e-13,64.8545960382657,5.1683338496711055,130.2222222222223,15.685567794537791,0.0,0.0
station_unseen_train_and_val,Stack,Full3C,strict,P,100,12,10,0.8333333333333334,0.0,1.0,0.0,44.72222222222222,2.2047927592204664,31.666666666666536,2.812109962243927e-13,64.8545960382657,5.1683338496711055,130.2222222222223,15.685567794537791,0.0,0.0
station_unseen_train_and_val,Stack,Full3C,strict,P,200,12,10,1.0,0.0,1.0,0.0,44.72222222222222,2.2047927592204664,31.666666666666536,2.812109962243927e-13,64.8545960382657,5.1683338496711055,130.2222222222223,15.685567794537791,0.0,0.0
station_unseen_train_and_val,Stack,Full3C,strict,S,50,12,10,0.7222222222222222,0.048112522432468836,1.0,0.0,105.83333333333354,62.39868331152802,32.77777777777797,7.698003589195614,209.62475445267717,129.32606563479703,258.888888888889,272.81624530753976,0.027777777777777776,0.027777777777777776
station_unseen_train_and_val,Stack,Full3C,strict,S,100,12,10,0.8333333333333334,0.10015420209622192,1.0,0.0,105.83333333333354,62.39868331152802,32.77777777777797,7.698003589195614,209.62475445267717,129.32606563479703,258.888888888889,272.81624530753976,0.027777777777777776,0.027777777777777776
station_unseen_train_and_val,Stack,Full3C,strict,S,200,12,10,0.9166666666666666,0.1001542020962219,1.0,0.0,105.83333333333354,62.39868331152802,32.77777777777797,7.698003589195614,209.62475445267717,129.32606563479703,258.888888888889,272.81624530753976,0.027777777777777776,0.027777777777777776
station_unseen_train_and_val,Stack,Zonly,accepted,P,50,12,10,0.6944444444444444,0.048112522432468836,1.0,0.0,44.53703703703703,2.426915263348362,30.555555555555447,0.9622504486494642,64.19527110114255,4.110357471748895,128.33333333333337,9.70108814057012,0.0,0.0
station_unseen_train_and_val,Stack,Zonly,accepted,P,100,12,10,0.8333333333333334,0.0,1.0,0.0,44.53703703703703,2.426915263348362,30.555555555555447,0.9622504486494642,64.19527110114255,4.110357471748895,128.33333333333337,9.70108814057012,0.0,0.0
station_unseen_train_and_val,Stack,Zonly,accepted,P,200,12,10,1.0,0.0,1.0,0.0,44.53703703703703,2.426915263348362,30.555555555555447,0.9622504486494642,64.19527110114255,4.110357471748895,128.33333333333337,9.70108814057012,0.0,0.0
station_unseen_train_and_val,Stack,Zonly,accepted,S,50,12,10,0.18518518518518517,0.032075014954979206,1.0,0.0,1271.6666666666667,68.81997000584165,280.5555555555555,171.28868851974667,3080.6133992556206,16.61087116672351,1155.1111111111113,179.7533289239987,0.2777777777777778,0.0481125224324688
station_unseen_train_and_val,Stack,Zonly,accepted,S,100,12,10,0.25925925925925924,0.057824055540725894,1.0,0.0,1271.6666666666667,68.81997000584165,280.5555555555555,171.28868851974667,3080.6133992556206,16.61087116672351,1155.1111111111113,179.7533289239987,0.2777777777777778,0.0481125224324688
station_unseen_train_and_val,Stack,Zonly,accepted,S,200,12,10,0.5277777777777778,0.048112522432468836,1.0,0.0,1271.6666666666667,68.81997000584165,280.5555555555555,171.28868851974667,3080.6133992556206,16.61087116672351,1155.1111111111113,179.7533289239987,0.2777777777777778,0.0481125224324688
station_unseen_train_and_val,Stack,Zonly,strict,P,50,12,10,0.6944444444444444,0.048112522432468836,1.0,0.0,44.53703703703703,2.426915263348362,30.555555555555447,0.9622504486494642,64.19527110114255,4.110357471748895,128.33333333333337,9.70108814057012,0.0,0.0
station_unseen_train_and_val,Stack,Zonly,strict,P,100,12,10,0.8333333333333334,0.0,1.0,0.0,44.53703703703703,2.426915263348362,30.555555555555447,0.9622504486494642,64.19527110114255,4.110357471748895,128.33333333333337,9.70108814057012,0.0,0.0
station_unseen_train_and_val,Stack,Zonly,strict,P,200,12,10,1.0,0.0,1.0,0.0,44.53703703703703,2.426915263348362,30.555555555555447,0.9622504486494642,64.19527110114255,4.110357471748895,128.33333333333337,9.70108814057012,0.0,0.0
station_unseen_train_and_val,Stack,Zonly,strict,S,50,12,10,0.18518518518518517,0.032075014954979206,1.0,0.0,1271.6666666666667,68.81997000584165,280.5555555555555,171.28868851974667,3080.6133992556206,16.61087116672351,1155.1111111111113,179.7533289239987,0.2777777777777778,0.0481125224324688
station_unseen_train_and_val,Stack,Zonly,strict,S,100,12,10,0.25925925925925924,0.057824055540725894,1.0,0.0,1271.6666666666667,68.81997000584165,280.5555555555555,171.28868851974667,3080.6133992556206,16.61087116672351,1155.1111111111113,179.7533289239987,0.2777777777777778,0.0481125224324688
station_unseen_train_and_val,Stack,Zonly,strict,S,200,12,10,0.5277777777777778,0.048112522432468836,1.0,0.0,1271.6666666666667,68.81997000584165,280.5555555555555,171.28868851974667,3080.6133992556206,16.61087116672351,1155.1111111111113,179.7533289239987,0.2777777777777778,0.0481125224324688
station_unseen_train_and_val,PhaseNetMatched,Full3C,accepted,P,50,12,10,0.9166666666666666,0.0,1.0,0.0,47.49999999999989,7.12000312109782,9.999999999999787,9.999999999999787,137.15557307463573,4.474724779520674,22.333333333333126,5.859465277082644,0.0,0.0
station_unseen_train_and_val,PhaseNetMatched,Full3C,accepted,P,100,12,10,0.9166666666666666,0.0,1.0,0.0,47.49999999999989,7.12000312109782,9.999999999999787,9.999999999999787,137.15557307463573,4.474724779520674,22.333333333333126,5.859465277082644,0.0,0.0
station_unseen_train_and_val,PhaseNetMatched,Full3C,accepted,P,200,12,10,0.9166666666666666,0.0,1.0,0.0,47.49999999999989,7.12000312109782,9.999999999999787,9.999999999999787,137.15557307463573,4.474724779520674,22.333333333333126,5.859465277082644,0.0,0.0
station_unseen_train_and_val,PhaseNetMatched,Full3C,accepted,S,50,12,10,0.6666666666666666,0.14433756729740643,1.0,0.0,50.27777777777774,15.906264780244951,34.999999999999844,18.027756377320546,73.57480291437133,13.264836881787739,88.33333333333377,25.146238950056777,0.0,0.0
station_unseen_train_and_val,PhaseNetMatched,Full3C,accepted,S,100,12,10,0.8888888888888888,0.048112522432468774,1.0,0.0,50.27777777777774,15.906264780244951,34.999999999999844,18.027756377320546,73.57480291437133,13.264836881787739,88.33333333333377,25.146238950056777,0.0,0.0
station_unseen_train_and_val,PhaseNetMatched,Full3C,accepted,S,200,12,10,0.9444444444444444,0.048112522432468836,1.0,0.0,50.27777777777774,15.906264780244951,34.999999999999844,18.027756377320546,73.57480291437133,13.264836881787739,88.33333333333377,25.146238950056777,0.0,0.0
station_unseen_train_and_val,PhaseNetMatched,Full3C,strict,P,50,12,10,0.9166666666666666,0.0,1.0,0.0,47.49999999999989,7.12000312109782,9.999999999999787,9.999999999999787,137.15557307463573,4.474724779520674,22.333333333333126,5.859465277082644,0.0,0.0
station_unseen_train_and_val,PhaseNetMatched,Full3C,strict,P,100,12,10,0.9166666666666666,0.0,1.0,0.0,47.49999999999989,7.12000312109782,9.999999999999787,9.999999999999787,137.15557307463573,4.474724779520674,22.333333333333126,5.859465277082644,0.0,0.0
station_unseen_train_and_val,PhaseNetMatched,Full3C,strict,P,200,12,10,0.9166666666666666,0.0,1.0,0.0,47.49999999999989,7.12000312109782,9.999999999999787,9.999999999999787,137.15557307463573,4.474724779520674,22.333333333333126,5.859465277082644,0.0,0.0
station_unseen_train_and_val,PhaseNetMatched,Full3C,strict,S,50,12,10,0.6666666666666666,0.14433756729740643,1.0,0.0,50.27777777777774,15.906264780244951,34.999999999999844,18.027756377320546,73.57480291437133,13.264836881787739,88.33333333333377,25.146238950056777,0.0,0.0
station_unseen_train_and_val,PhaseNetMatched,Full3C,strict,S,100,12,10,0.8888888888888888,0.048112522432468774,1.0,0.0,50.27777777777774,15.906264780244951,34.999999999999844,18.027756377320546,73.57480291437133,13.264836881787739,88.33333333333377,25.146238950056777,0.0,0.0
station_unseen_train_and_val,PhaseNetMatched,Full3C,strict,S,200,12,10,0.9444444444444444,0.048112522432468836,1.0,0.0,50.27777777777774,15.906264780244951,34.999999999999844,18.027756377320546,73.57480291437133,13.264836881787739,88.33333333333377,25.146238950056777,0.0,0.0
station_unseen_train_and_val,PhaseNetMatched,Zonly,accepted,P,50,12,10,0.9166666666666666,0.0,1.0,0.0,48.05555555555549,2.4056261216233263,3.3333333333332624,5.773502691896135,134.60858530715439,5.770021006016332,35.333333333333414,4.618802153516863,0.0,0.0
station_unseen_train_and_val,PhaseNetMatched,Zonly,accepted,P,100,12,10,0.9166666666666666,0.0,1.0,0.0,48.05555555555549,2.4056261216233263,3.3333333333332624,5.773502691896135,134.60858530715439,5.770021006016332,35.333333333333414,4.618802153516863,0.0,0.0
station_unseen_train_and_val,PhaseNetMatched,Zonly,accepted,P,200,12,10,0.9166666666666666,0.0,1.0,0.0,48.05555555555549,2.4056261216233263,3.3333333333332624,5.773502691896135,134.60858530715439,5.770021006016332,35.333333333333414,4.618802153516863,0.0,0.0
station_unseen_train_and_val,PhaseNetMatched,Zonly,accepted,S,50,12,10,0.1111111111111111,0.04811252243246881,1.0,0.0,465.8333333333335,25.658007197234348,188.33333333333331,28.431203515386336,639.6449722626246,54.1045055614868,1082.0000000000002,35.15679166249428,0.19444444444444445,0.04811252243246882
station_unseen_train_and_val,PhaseNetMatched,Zonly,accepted,S,100,12,10,0.2222222222222222,0.09622504486493762,1.0,0.0,465.8333333333335,25.658007197234348,188.33333333333331,28.431203515386336,639.6449722626246,54.1045055614868,1082.0000000000002,35.15679166249428,0.19444444444444445,0.04811252243246882
station_unseen_train_and_val,PhaseNetMatched,Zonly,accepted,S,200,12,10,0.5277777777777778,0.09622504486493764,1.0,0.0,465.8333333333335,25.658007197234348,188.33333333333331,28.431203515386336,639.6449722626246,54.1045055614868,1082.0000000000002,35.15679166249428,0.19444444444444445,0.04811252243246882
station_unseen_train_and_val,PhaseNetMatched,Zonly,strict,P,50,12,10,0.9166666666666666,0.0,1.0,0.0,48.05555555555549,2.4056261216233263,3.3333333333332624,5.773502691896135,134.60858530715439,5.770021006016332,35.333333333333414,4.618802153516863,0.0,0.0
station_unseen_train_and_val,PhaseNetMatched,Zonly,strict,P,100,12,10,0.9166666666666666,0.0,1.0,0.0,48.05555555555549,2.4056261216233263,3.3333333333332624,5.773502691896135,134.60858530715439,5.770021006016332,35.333333333333414,4.618802153516863,0.0,0.0
station_unseen_train_and_val,PhaseNetMatched,Zonly,strict,P,200,12,10,0.9166666666666666,0.0,1.0,0.0,48.05555555555549,2.4056261216233263,3.3333333333332624,5.773502691896135,134.60858530715439,5.770021006016332,35.333333333333414,4.618802153516863,0.0,0.0
station_unseen_train_and_val,PhaseNetMatched,Zonly,strict,S,50,12,10,0.1111111111111111,0.04811252243246881,1.0,0.0,465.8333333333335,25.658007197234348,188.33333333333331,28.431203515386336,639.6449722626246,54.1045055614868,1082.0000000000002,35.15679166249428,0.19444444444444445,0.04811252243246882
station_unseen_train_and_val,PhaseNetMatched,Zonly,strict,S,100,12,10,0.2222222222222222,0.09622504486493762,1.0,0.0,465.8333333333335,25.658007197234348,188.33333333333331,28.431203515386336,639.6449722626246,54.1045055614868,1082.0000000000002,35.15679166249428,0.19444444444444445,0.04811252243246882
station_unseen_train_and_val,PhaseNetMatched,Zonly,strict,S,200,12,10,0.5277777777777778,0.09622504486493764,1.0,0.0,465.8333333333335,25.658007197234348,188.33333333333331,28.431203515386336,639.6449722626246,54.1045055614868,1082.0000000000002,35.15679166249428,0.19444444444444445,0.04811252243246882
