event_id,source_id,role
stead_event_00000,12763676,held
stead_event_00001,12816661,inner_val
stead_event_00002,12956869,held
stead_event_00003,ci10276465,held
stead_event_00004,12958631,fit
stead_event_00005,12958575,fit
stead_event_00006,12959880,fit
stead_event_00010,12964285,fit
stead_event_00011,13494111,held
stead_event_00013,12071632,fit
stead_event_00014,13374603,fit
stead_event_00015,12769966,inner_val
stead_event_00020,17531242,fit
stead_event_00021,12963489,fit
stead_event_00022,13232556,fit
stead_event_00023,13232556,fit
stead_event_00024,16012717,fit
stead_event_00025,16012717,fit
stead_event_00026,uw10819223,fit
stead_event_00027,uw60394672,held
stead_event_00028,uw60532637,inner_val
stead_event_00029,13232556,fit
stead_event_00030,13232556,fit
stead_event_00031,11406516,fit
stead_event_00032,13333448,fit
stead_event_00033,13487328,fit
stead_event_00034,13326812,fit
stead_event_00035,13487328,fit
stead_event_00038,603236867,inner_val
stead_event_00039,606589340,held
stead_event_00040,603236867,inner_val
stead_event_00041,606589340,held
stead_event_00042,603236867,inner_val
stead_event_00043,6843012,fit
stead_event_00044,426634,fit
stead_event_00046,42145,inner_val
stead_event_00047,3887,inner_val
stead_event_00048,407528,fit
stead_event_00049,401534,held
stead_event_00050,371473,inner_val
stead_event_00052,427423,fit
stead_event_00053,405375,fit
stead_event_00054,448605,inner_val
stead_event_00055,423377,inner_val
stead_event_00057,429451,fit
stead_event_00058,429464,fit
stead_event_00059,39672,inner_val
stead_event_00060,458578,fit
stead_event_00062,419718,held
stead_event_00063,335476,fit
stead_event_00064,377479,inner_val
stead_event_00065,427431,held
stead_event_00066,413582,fit
stead_event_00067,334594,held
stead_event_00069,428454,inner_val
stead_event_00070,474506,fit
stead_event_00071,43425,held
stead_event_00072,37441,fit
stead_event_00073,432389,inner_val
stead_event_00075,458505,fit
stead_event_00076,45392,held
stead_event_00077,36493,fit
stead_event_00078,366492,fit
stead_event_00079,42768,fit
stead_event_00082,42145,inner_val
stead_event_00083,3887,inner_val
stead_event_00084,371473,inner_val
stead_event_00086,427423,fit
stead_event_00087,405375,fit
stead_event_00088,419718,held
stead_event_00089,335476,fit
stead_event_00090,377479,inner_val
stead_event_00091,427431,held
stead_event_00092,413582,fit
stead_event_00093,408473,fit
stead_event_00094,197886,held
stead_event_00095,334594,held
stead_event_00096,406475,fit
stead_event_00097,419606,fit
stead_event_00098,43425,held
stead_event_00099,37441,fit
stead_event_00101,101667,fit
stead_event_00102,45392,held
stead_event_00104,428586,fit
stead_event_00105,36493,fit
stead_event_00106,366492,fit
stead_event_00107,371473,inner_val
stead_event_00109,427423,fit
stead_event_00110,405375,fit
stead_event_00111,448605,inner_val
stead_event_00112,423377,inner_val
stead_event_00114,429451,fit
stead_event_00115,429464,fit
stead_event_00116,423507,fit
stead_event_00117,37255,inner_val
stead_event_00118,39672,inner_val
stead_event_00119,458578,fit
stead_event_00121,419718,held
stead_event_00122,335476,fit
stead_event_00123,377479,inner_val
stead_event_00124,427431,held
stead_event_00126,413582,fit
stead_event_00127,408473,fit
stead_event_00129,428454,inner_val
stead_event_00130,474506,fit
stead_event_00131,406475,fit
stead_event_00133,419606,fit
stead_event_00135,458505,fit
stead_event_00136,12092789,fit
stead_event_00137,12653337,fit
stead_event_00138,99434884,fit
stead_event_00139,33352332,inner_val
stead_event_00142,604652658,held
stead_event_00143,606918008,held
stead_event_00144,604751880,held
stead_event_00145,604856436,inner_val
stead_event_00146,604856436,inner_val
stead_event_00147,605416371,fit
stead_event_00148,606932637,fit
stead_event_00149,606932637,fit
stead_event_00150,606932637,fit
stead_event_00151,606932637,fit
stead_event_00152,606732084,held
stead_event_00153,606732084,held
stead_event_00154,606732084,held
stead_event_00155,606831117,fit
stead_event_00156,610587346,fit
stead_event_00157,610587346,fit
stead_event_00158,607215166,held
stead_event_00159,607215166,held
stead_event_00160,607215166,held
stead_event_00164,ak19299578,fit
stead_event_00165,ak19771635,fit
stead_event_00166,17333898,fit
stead_event_00168,606627084,fit
stead_event_00169,606627084,fit
stead_event_00170,606627084,fit
stead_event_00171,13989760,fit
stead_event_00172,13843703,fit
stead_event_00173,14766987,fit
stead_event_00174,13991842,inner_val
stead_event_00175,14788283,fit
stead_event_00176,16334221,fit
stead_event_00179,15165639,fit
stead_event_00180,15217350,fit
stead_event_00181,ci15180441,fit
stead_event_00182,ci15195785,held
stead_event_00185,ci15396745,held
stead_event_00186,603962507,inner_val
stead_event_00187,603962507,inner_val
stead_event_00189,ci11414410,fit
stead_event_00191,605615919,held
stead_event_00192,13435661,fit
stead_event_00195,16357910,held
stead_event_00196,16357939,fit
stead_event_00198,12951536,fit
stead_event_00200,14188784,fit
stead_event_00202,600734280,fit
stead_event_00203,600734280,fit
stead_event_00205,603808481,held
stead_event_00206,603808634,inner_val
stead_event_00207,603808676,held
stead_event_00209,14371821,held
stead_event_00210,14576401,fit
stead_event_00211,14782928,fit
stead_event_00212,17223314,held
stead_event_00214,604048568,fit
stead_event_00215,604048568,fit
stead_event_00216,604441092,fit
stead_event_00217,pr2018175002,held
stead_event_00220,600138494,held
stead_event_00221,600138494,held
stead_event_00222,600138494,held
stead_event_00223,600846551,fit
stead_event_00224,600846551,fit
stead_event_00229,hv60911911,fit
stead_event_00230,hv60964166,fit
stead_event_00231,hv60967326,fit
stead_event_00232,hv60968786,fit
stead_event_00233,hv60984166,fit
stead_event_00234,hv60996411,fit
stead_event_00236,hv61010506,fit
stead_event_00237,hv61023526,fit
stead_event_00240,hv61190256,fit
stead_event_00245,hv61238131,fit
stead_event_00246,hv61245221,held
stead_event_00248,hv61404066,inner_val
stead_event_00250,hv61430876,fit
stead_event_00251,hv61431046,held
stead_event_00252,hv61437156,fit
stead_event_00254,hv61496121,fit
stead_event_00257,hv61542831,held
stead_event_00258,hv61553736,fit
stead_event_00259,hv61568526,fit
stead_event_00261,hv61623346,fit
stead_event_00262,hv61623926,fit
stead_event_00264,hv61631096,inner_val
stead_event_00266,hv61636536,fit
stead_event_00267,hv61672961,fit
stead_event_00268,hv61713526,fit
stead_event_00269,hv61715021,fit
stead_event_00271,hv61804466,fit
stead_event_00272,hv61866736,fit
stead_event_00273,hv62007486,held
stead_event_00274,hv62014031,fit
stead_event_00275,hv62015441,fit
stead_event_00276,hv70021937,fit
stead_event_00277,hv70088721,held
stead_event_00279,hv70112676,fit
stead_event_00280,hv70118556,held
stead_event_00281,hv70244357,fit
stead_event_00282,hv70249957,fit
stead_event_00283,hv70259221,fit
stead_event_00284,hv70264616,inner_val
stead_event_00286,hv70267506,held
stead_event_00287,hv70268561,held
stead_event_00288,hv70274351,fit
stead_event_00291,hv70284971,fit
stead_event_00293,hv70291961,fit
stead_event_00295,hv70301106,fit
stead_event_00296,hv70304606,fit
stead_event_00298,hv70326671,fit
stead_event_00299,hv70329746,fit
stead_event_00302,hv70337366,fit
stead_event_00303,hv70340691,inner_val
stead_event_00304,hv70341951,fit
stead_event_00305,hv70343071,fit
stead_event_00306,hv70348236,inner_val
stead_event_00308,hv70367701,fit
stead_event_00310,hv70373191,fit
stead_event_00311,hv70374286,fit
stead_event_00312,hv70385946,fit
stead_event_00313,hv70395916,fit
stead_event_00314,hv70397626,held
stead_event_00316,hv70416522,fit
stead_event_00317,hv70420532,fit
stead_event_00318,hv70423887,fit
stead_event_00319,hv70429722,fit
stead_event_00321,hv70447517,fit
stead_event_00322,hv70447632,held
stead_event_00323,hv70448697,held
stead_event_00324,hv70451057,fit
stead_event_00325,hv70461537,fit
stead_event_00326,hv70475557,fit
stead_event_00328,hv70497302,fit
stead_event_00329,hv70503637,fit
stead_event_00330,hv60964161,fit
stead_event_00331,hv60964166,fit
stead_event_00332,hv60984166,fit
stead_event_00333,hv60989531,fit
stead_event_00334,hv60996411,fit
stead_event_00336,hv61010506,fit
stead_event_00337,hv61023526,fit
stead_event_00339,hv61190256,fit
stead_event_00342,hv61238131,fit
stead_event_00343,hv61404066,inner_val
stead_event_00345,hv61431046,held
stead_event_00346,hv61437156,fit
stead_event_00350,hv61542831,held
stead_event_00351,hv61568526,fit
stead_event_00353,hv61623926,fit
stead_event_00354,hv61631096,inner_val
stead_event_00356,hv61636536,fit
stead_event_00357,hv61672961,fit
stead_event_00358,hv61684426,fit
stead_event_00359,hv61713536,fit
stead_event_00362,hv61766326,fit
stead_event_00365,hv61866736,fit
stead_event_00366,hv61971871,held
stead_event_00368,hv62006361,held
stead_event_00369,hv62007486,held
stead_event_00370,hv62014031,fit
stead_event_00371,hv62015441,fit
stead_event_00373,12935306,fit
stead_event_00374,17442844,fit
stead_event_00375,603350930,fit
stead_event_00376,603350930,fit
stead_event_00379,607177816,inner_val
stead_event_00380,607177816,inner_val
stead_event_00381,607177816,inner_val
stead_event_00382,600874530,fit
stead_event_00383,600874530,fit
stead_event_00384,600929713,fit
stead_event_00385,600929713,fit
stead_event_00386,600978636,fit
stead_event_00389,601351778,fit
stead_event_00390,601351778,fit
stead_event_00391,600862014,fit
stead_event_00392,600862014,fit
stead_event_00393,601253314,held
stead_event_00394,601253314,held
stead_event_00395,601351798,fit
stead_event_00396,601351798,fit
stead_event_00401,602991745,fit
stead_event_00406,601730063,held
stead_event_00407,601730063,held
stead_event_00409,601730131,held
stead_event_00410,601730131,held
stead_event_00411,602952257,fit
stead_event_00412,602952257,fit
stead_event_00416,602952344,fit
stead_event_00418,602952357,fit
stead_event_00419,602952357,fit
stead_event_00420,601889391,inner_val
stead_event_00421,602952373,inner_val
stead_event_00424,603374515,fit
stead_event_00425,603084634,held
stead_event_00426,603084634,held
stead_event_00427,603081285,inner_val
stead_event_00428,603081285,inner_val
stead_event_00429,603374580,held
stead_event_00431,603248061,fit
stead_event_00432,603248061,fit
stead_event_00433,603248569,inner_val
stead_event_00434,603077591,fit
stead_event_00435,603077591,fit
stead_event_00438,605609723,fit
stead_event_00439,605609723,fit
stead_event_00440,603374643,fit
stead_event_00443,603374667,fit
stead_event_00444,603310010,fit
stead_event_00445,603310010,fit
stead_event_00446,603463363,held
stead_event_00447,603463363,held
stead_event_00449,603794207,fit
stead_event_00450,603794207,fit
stead_event_00451,603793264,fit
stead_event_00452,603758901,held
stead_event_00453,603758915,fit
stead_event_00454,603758915,fit
stead_event_00455,603759111,fit
stead_event_00456,603793326,fit
stead_event_00457,603793372,fit
stead_event_00458,605613081,held
stead_event_00459,605613081,held
stead_event_00460,603757232,inner_val
stead_event_00461,603757232,inner_val
stead_event_00462,603793476,fit
stead_event_00463,603793476,fit
stead_event_00464,603784908,fit
stead_event_00467,604090810,held
stead_event_00468,604106204,fit
stead_event_00469,604106204,fit
stead_event_00470,604398772,fit
stead_event_00471,604398772,fit
stead_event_00472,604515719,held
stead_event_00473,604515724,held
stead_event_00475,606791983,fit
stead_event_00476,12935306,fit
stead_event_00477,603350930,fit
stead_event_00478,603350930,fit
stead_event_00482,607177816,inner_val
stead_event_00483,607177816,inner_val
stead_event_00484,609849690,inner_val
stead_event_00485,609849690,inner_val
stead_event_00490,12935306,fit
stead_event_00491,600280017,held
stead_event_00492,15637536,fit
stead_event_00497,603336626,fit
stead_event_00498,603336626,fit
stead_event_00499,603350930,fit
stead_event_00500,603350930,fit
stead_event_00501,609849690,inner_val
stead_event_00502,609849690,inner_val
stead_event_00507,ak011cmw3pq4,fit
stead_event_00508,ak0126akymw4,fit
stead_event_00509,607177816,inner_val
stead_event_00510,607177816,inner_val
stead_event_00511,607177816,inner_val
stead_event_00513,7485001,inner_val
stead_event_00516,8860013,fit
stead_event_00519,12935306,fit
stead_event_00520,600280017,held
stead_event_00523,16915368,fit
stead_event_00524,17442844,fit
stead_event_00525,600132850,fit
stead_event_00526,600132850,fit
stead_event_00529,ak0126akymw4,fit
stead_event_00530,601468019,fit
stead_event_00531,601468019,fit
stead_event_00532,603336626,fit
stead_event_00533,603336626,fit
stead_event_00534,603244209,fit
stead_event_00535,603244209,fit
stead_event_00538,hv60911911,fit
stead_event_00539,hv60923081,held
stead_event_00540,hv60924946,fit
stead_event_00541,hv60984166,fit
stead_event_00542,hv60986476,fit
stead_event_00544,hv61010731,fit
stead_event_00546,hv61190256,fit
stead_event_00549,hv61253396,fit
stead_event_00550,hv61408361,fit
stead_event_00552,hv61542831,held
stead_event_00553,hv61553736,fit
stead_event_00554,hv61568526,fit
stead_event_00556,hv61623926,fit
stead_event_00557,hv61631096,inner_val
stead_event_00558,hv61636536,fit
stead_event_00559,hv61658456,fit
stead_event_00560,hv61684426,fit
stead_event_00561,hv61713536,fit
stead_event_00562,hv61715021,fit
stead_event_00565,hv61766326,fit
stead_event_00566,hv61804466,fit
stead_event_00568,hv61916496,inner_val
stead_event_00570,hv61971871,held
stead_event_00572,hv62007486,held
stead_event_00573,hv62015441,fit
stead_event_00574,hv62016421,held
stead_event_00576,hv70261612,held
stead_event_00577,hv70259221,fit
stead_event_00578,hv70282066,fit
stead_event_00579,hv70331371,fit
stead_event_00582,hv70396376,held
stead_event_00583,hv70397131,fit
stead_event_00584,hv70442527,fit
stead_event_00586,hv70478657,fit
stead_event_00587,hv70494242,inner_val
stead_event_00588,14342475,held
stead_event_00589,17239997,fit
stead_event_00590,17239997,fit
stead_event_00591,ld60020703,held
stead_event_00593,13340404,held
stead_event_00595,11623383,fit
stead_event_00597,11476523,inner_val
stead_event_00599,13434868,held
stead_event_00601,13839847,fit
stead_event_00602,13840180,inner_val
stead_event_00604,14752115,fit
stead_event_00606,600014713,fit
stead_event_00608,600928903,held
stead_event_00612,601264215,inner_val
stead_event_00615,603940325,fit
stead_event_00616,605117423,held
stead_event_00617,605117423,held
stead_event_00625,ci15243105,fit
stead_event_00626,ci11243394,fit
stead_event_00627,ci11244474,fit
stead_event_00628,ci11284746,fit
stead_event_00629,ci11284746,fit
stead_event_00631,ci15394457,fit
stead_event_00632,ci15471641,held
stead_event_00635,nn00410486,fit
stead_event_00636,13388254,held
stead_event_00637,13681341,inner_val
stead_event_00640,15636841,fit
stead_event_00641,15010516,held
stead_event_00642,ak010cv38nkc,fit
stead_event_00643,ak010dlmuw84,fit
stead_event_00645,15919371,fit
stead_event_00646,15895568,fit
stead_event_00647,16151474,fit
stead_event_00648,16151474,fit
stead_event_00649,ak011xffbnc,fit
stead_event_00657,606510940,fit
stead_event_00658,606510940,fit
stead_event_00659,606510940,fit
stead_event_00660,606510940,fit
stead_event_00664,606730337,held
stead_event_00665,606730337,held
stead_event_00666,606933767,fit
stead_event_00667,606933767,fit
stead_event_00668,606939528,fit
stead_event_00669,606939528,fit
stead_event_00670,606962351,inner_val
stead_event_00671,606962351,inner_val
stead_event_00672,606962351,inner_val
stead_event_00676,13680032,inner_val
stead_event_00677,13680045,fit
stead_event_00682,17146674,inner_val
stead_event_00683,14322930,fit
stead_event_00684,14757199,fit
stead_event_00685,14757199,fit
stead_event_00686,14757388,fit
stead_event_00687,14757389,fit
stead_event_00689,14630602,fit
stead_event_00690,14757470,fit
stead_event_00691,14757473,inner_val
stead_event_00692,14757480,fit
stead_event_00693,14731012,fit
stead_event_00694,16140997,fit
stead_event_00695,16141135,fit
stead_event_00696,16336935,fit
stead_event_00697,15218471,inner_val
stead_event_00698,600226145,fit
stead_event_00700,16871596,held
stead_event_00701,16397336,inner_val
stead_event_00702,16397336,inner_val
stead_event_00703,17497818,fit
stead_event_00704,17497818,fit
stead_event_00705,600085142,fit
stead_event_00706,600085142,fit
stead_event_00707,17491143,fit
stead_event_00708,600085210,held
stead_event_00709,600845610,fit
stead_event_00710,600845610,fit
stead_event_00711,601215939,held
stead_event_00712,602860109,fit
stead_event_00713,602860109,fit
stead_event_00714,602860115,fit
stead_event_00715,602860115,fit
stead_event_00716,602860115,fit
stead_event_00717,602860115,fit
stead_event_00722,603806943,fit
stead_event_00723,603806943,fit
stead_event_00724,603757041,held
stead_event_00725,603757041,held
stead_event_00726,603918277,held
stead_event_00727,603918277,held
stead_event_00729,ak17149379,fit
stead_event_00730,ak19299578,fit
stead_event_00731,ak19771635,fit
stead_event_00732,ak19796406,fit
stead_event_00733,584213,fit
stead_event_00734,572214,fit
stead_event_00736,ak0128go1thk,fit
stead_event_00738,ak010fkzp8oa,held
stead_event_00739,16501894,fit
stead_event_00742,606183937,fit
stead_event_00743,606183937,fit
stead_event_00744,606184834,fit
stead_event_00745,606184834,fit
stead_event_00746,606185115,fit
stead_event_00747,604162156,inner_val
stead_event_00748,604162156,inner_val
stead_event_00749,606441677,fit
stead_event_00750,606441677,fit
stead_event_00751,606445199,fit
stead_event_00752,13486552,fit
stead_event_00753,11475823,inner_val
stead_event_00754,13992335,fit
stead_event_00755,11499509,held
stead_event_00757,12654261,inner_val
stead_event_00758,13894230,fit
stead_event_00759,14280628,inner_val
stead_event_00761,603389939,inner_val
stead_event_00762,603389939,inner_val
stead_event_00763,604441092,fit
stead_event_00764,604441092,fit
stead_event_00765,pr2018175002,held
stead_event_00767,11513792,fit
stead_event_00768,12950237,inner_val
stead_event_00769,12950317,fit
stead_event_00770,12921452,fit
stead_event_00771,12921611,fit
stead_event_00772,12099640,fit
stead_event_00773,14711421,fit
stead_event_00774,12099760,fit
stead_event_00775,13397363,inner_val
stead_event_00776,13397870,fit
stead_event_00778,13398568,fit
stead_event_00779,13400122,fit
stead_event_00780,13401455,held
stead_event_00781,14188990,fit
stead_event_00782,14189018,fit
stead_event_00783,12084496,fit
stead_event_00784,14190802,fit
stead_event_00785,12742562,fit
stead_event_00787,14306260,held
stead_event_00788,14307050,fit
stead_event_00789,14307897,held
stead_event_00790,15064792,fit
stead_event_00791,14752238,fit
stead_event_00793,14003856,held
stead_event_00795,14756757,held
stead_event_00796,14756856,fit
stead_event_00797,14757556,fit
stead_event_00800,16334314,held
stead_event_00801,16334314,held
stead_event_00802,16334322,fit
stead_event_00803,16141447,fit
stead_event_00804,601506109,fit
stead_event_00805,601506109,fit
stead_event_00806,602606103,fit
stead_event_00807,602606103,fit
stead_event_00808,604648532,fit
stead_event_00809,604648532,fit
stead_event_00814,4146876,held
stead_event_00816,6949504,fit
stead_event_00817,7074224,fit
stead_event_00818,7136953,fit
stead_event_00820,7749969,fit
stead_event_00821,8035894,fit
stead_event_00822,8760967,fit
stead_event_00825,12951155,fit
stead_event_00826,11163292,fit
stead_event_00829,11813801,fit
stead_event_00832,12089196,fit
stead_event_00834,16152433,held
stead_event_00835,16505265,fit
stead_event_00836,16194207,fit
stead_event_00838,14835883,held
stead_event_00839,14835964,fit
stead_event_00842,13903783,fit
stead_event_00843,12576608,fit
stead_event_00844,12576612,fit
stead_event_00846,12576617,fit
stead_event_00847,12576618,held
stead_event_00848,14836840,fit
stead_event_00849,12579678,fit
stead_event_00850,12576624,fit
stead_event_00851,12576626,held
stead_event_00852,14836981,fit
stead_event_00853,12576627,fit
stead_event_00855,12576635,fit
stead_event_00856,12576636,fit
stead_event_00857,12576638,fit
stead_event_00858,12934730,fit
stead_event_00859,12934730,fit
stead_event_00860,12576640,inner_val
stead_event_00861,16194279,fit
stead_event_00863,12100605,fit
stead_event_00867,12100820,held
stead_event_00869,12742086,fit
stead_event_00870,12105713,fit
stead_event_00871,12105715,fit
stead_event_00872,16194316,fit
stead_event_00874,12105724,fit
stead_event_00875,12105726,fit
stead_event_00877,16194319,fit
stead_event_00878,16194321,fit
stead_event_00879,14839033,held
stead_event_00880,12576674,held
stead_event_00882,12576732,fit
stead_event_00883,13438270,held
stead_event_00884,12742123,fit
stead_event_00885,12578482,fit
stead_event_00886,12578488,fit
stead_event_00887,12578491,fit
stead_event_00888,12742141,fit
stead_event_00889,12579300,fit
stead_event_00891,12581806,fit
stead_event_00892,12581808,fit
stead_event_00893,12742170,fit
stead_event_00894,16194344,fit
stead_event_00895,12581811,fit
stead_event_00896,14840528,fit
stead_event_00897,12742180,inner_val
stead_event_00898,16194346,fit
stead_event_00899,12581884,held
stead_event_00904,12582186,inner_val
stead_event_00905,12582359,fit
stead_event_00906,12582403,inner_val
stead_event_00907,13438490,fit
stead_event_00908,12582637,fit
stead_event_00909,12582975,fit
stead_event_00910,12583053,fit
stead_event_00912,12583067,fit
stead_event_00913,12583389,fit
stead_event_00914,12590220,inner_val
stead_event_00915,12590738,fit
stead_event_00916,12590739,held
stead_event_00917,12597518,inner_val
stead_event_00918,12601060,fit
stead_event_00920,12601069,fit
stead_event_00921,12609853,fit
stead_event_00922,14843868,held
stead_event_00923,12610906,fit
stead_event_00924,12610907,fit
stead_event_00925,12612931,inner_val
stead_event_00926,12638914,inner_val
stead_event_00931,12692663,fit
stead_event_00932,12692673,fit
stead_event_00934,12738686,fit
stead_event_00935,14847292,fit
stead_event_00936,12742681,held
stead_event_00939,12747050,held
stead_event_00942,12754083,held
stead_event_00943,12784423,held
stead_event_00946,12792211,inner_val
stead_event_00947,12794021,held
stead_event_00949,12821492,held
stead_event_00950,12824921,fit
stead_event_00951,12854297,held
stead_event_00952,12862188,fit
stead_event_00956,12977504,inner_val
stead_event_00957,13115762,fit
stead_event_00958,13201567,inner_val
stead_event_00961,13217750,fit
stead_event_00963,13217765,fit
stead_event_00964,13217776,fit
stead_event_00965,16439391,fit
stead_event_00966,13231845,fit
stead_event_00967,13279129,inner_val
stead_event_00968,13279148,inner_val
stead_event_00969,13903813,inner_val
stead_event_00970,13307356,fit
stead_event_00971,13324932,fit
stead_event_00974,13347186,held
stead_event_00975,13354234,fit
stead_event_00976,13361328,fit
stead_event_00977,16521783,fit
stead_event_00978,13380899,fit
stead_event_00979,13380899,fit
stead_event_00980,13380900,held
stead_event_00982,13441790,fit
stead_event_00983,13524837,fit
stead_event_00988,14725145,inner_val
stead_event_00989,15139903,fit
stead_event_00990,15139908,fit
stead_event_00991,15145214,fit
stead_event_00992,15154866,fit
stead_event_00994,604441582,fit
stead_event_00995,7163048,held
stead_event_00996,7225749,fit
stead_event_00997,7228239,fit
stead_event_00998,7247120,held
stead_event_00999,7255204,fit
stead_event_01003,7391104,fit
stead_event_01004,7404705,fit
stead_event_01005,7405485,fit
stead_event_01006,7422262,fit
stead_event_01007,7434202,fit
stead_event_01008,7443286,fit
stead_event_01012,7549434,inner_val
stead_event_01013,7363733,fit
stead_event_01014,8528512,held
stead_event_01017,8193062,fit
stead_event_01018,10601831,inner_val
stead_event_01019,10603967,held
stead_event_01020,10607397,fit
stead_event_01021,10611393,inner_val
stead_event_01023,10612529,fit
stead_event_01024,10613112,fit
stead_event_01025,8504432,inner_val
stead_event_01026,8530535,held
stead_event_01027,8566457,held
stead_event_01028,8566681,fit
stead_event_01029,8505730,fit
stead_event_01030,8953256,fit
stead_event_01031,11121469,fit
stead_event_01033,9135588,fit
stead_event_01034,9135869,fit
stead_event_01035,9135869,fit
stead_event_01037,11496118,fit
stead_event_01038,11502913,inner_val
stead_event_01039,11920698,held
stead_event_01041,12648829,held
stead_event_01043,12667148,fit
stead_event_01044,12764293,fit
stead_event_01045,12765737,held
stead_event_01046,12766853,held
stead_event_01047,12807062,inner_val
stead_event_01048,12813248,fit
stead_event_01049,12956191,fit
stead_event_01050,12964777,inner_val
stead_event_01054,13239414,held
stead_event_01056,13240780,fit
stead_event_01057,13250381,held
stead_event_01060,13260195,fit
stead_event_01063,13485320,inner_val
stead_event_01064,13487322,held
stead_event_01065,11152270,fit
stead_event_01066,11152314,fit
stead_event_01067,13229116,held
stead_event_01068,11381878,fit
stead_event_01069,11381894,fit
stead_event_01070,11514156,fit
stead_event_01071,12951326,fit
stead_event_01073,12099726,fit
stead_event_01075,11525549,fit
stead_event_01076,11661161,inner_val
stead_event_01078,13434526,held
stead_event_01079,13435093,fit
stead_event_01080,13437418,inner_val
stead_event_01082,13568416,fit
stead_event_01083,13839692,fit
stead_event_01084,13839898,held
stead_event_01085,13839898,held
stead_event_01087,13840153,fit
stead_event_01088,13840260,fit
stead_event_01089,13840341,fit
stead_event_01090,13841374,fit
stead_event_01094,14090863,fit
stead_event_01095,14611621,fit
stead_event_01100,600090413,held
stead_event_01102,14624634,held
stead_event_01103,14758125,fit
stead_event_01104,15898539,fit
stead_event_01105,15080018,inner_val
stead_event_01106,15808238,fit
stead_event_01107,15646503,fit
stead_event_01108,15808819,inner_val
stead_event_01109,15974813,fit
stead_event_01110,15974865,fit
stead_event_01112,15975416,inner_val
stead_event_01113,15976015,held
stead_event_01114,15976048,fit
stead_event_01115,15520080,fit
stead_event_01117,16319910,held
stead_event_01118,15965576,fit
stead_event_01119,15965576,fit
stead_event_01120,16032681,fit
stead_event_01121,16158929,fit
stead_event_01122,16160529,inner_val
stead_event_01124,16552802,fit
stead_event_01125,16552802,fit
stead_event_01126,17544829,held
stead_event_01127,600015024,inner_val
stead_event_01128,600015024,inner_val
stead_event_01129,600015024,inner_val
stead_event_01130,600056444,fit
stead_event_01132,600821344,fit
stead_event_01133,600981804,held
stead_event_01134,601032756,fit
stead_event_01135,601032756,fit
stead_event_01136,601768484,fit
stead_event_01138,601869704,fit
stead_event_01139,601991496,fit
stead_event_01140,601991944,held
stead_event_01142,602566154,held
stead_event_01143,602445075,fit
stead_event_01144,602445075,fit
stead_event_01145,602736067,fit
stead_event_01146,602748753,fit
stead_event_01147,602748753,fit
stead_event_01148,602748753,fit
stead_event_01149,602917692,fit
stead_event_01151,603983905,inner_val
stead_event_01152,603984303,fit
stead_event_01153,603984303,fit
stead_event_01158,604103199,fit
stead_event_01159,604104174,held
stead_event_01160,604104325,fit
stead_event_01164,15188226,inner_val
stead_event_01165,16484107,held
stead_event_01166,602356054,held
stead_event_01167,603981364,fit
stead_event_01168,603984450,inner_val
stead_event_01169,606443708,fit
stead_event_01170,607724131,fit
stead_event_01171,607724652,fit
stead_event_01172,15898586,inner_val
stead_event_01176,16319041,fit
stead_event_01177,600012958,fit
stead_event_01179,nm610425,fit
stead_event_01180,606963938,fit
stead_event_01181,606963938,fit
stead_event_01182,606963938,fit
stead_event_01183,606963938,fit
stead_event_01184,nm60160937,fit
stead_event_01185,14573046,fit
stead_event_01186,16016728,fit
stead_event_01188,17530115,fit
stead_event_01194,600703403,fit
stead_event_01195,600703403,fit
stead_event_01196,601224566,fit
stead_event_01197,601224566,fit
stead_event_01198,601170933,fit
stead_event_01199,601170938,fit
stead_event_01200,601170938,fit
stead_event_01201,601109598,fit
stead_event_01202,601109598,fit
stead_event_01203,601122006,held
stead_event_01208,601713915,held
stead_event_01211,601840298,held
stead_event_01212,601840298,held
stead_event_01213,603273129,fit
stead_event_01214,602356222,fit
stead_event_01215,602358359,fit
stead_event_01216,602583922,fit
stead_event_01217,602583922,fit
stead_event_01218,602560580,held
stead_event_01219,602560580,held
stead_event_01220,602761323,fit
stead_event_01221,602761323,fit
stead_event_01222,603981271,fit
stead_event_01227,604100830,fit
stead_event_01228,604101080,fit
stead_event_01229,604101080,fit
stead_event_01230,604103514,fit
stead_event_01231,604103514,fit
stead_event_01232,603794892,inner_val
stead_event_01233,603794892,inner_val
stead_event_01234,604009333,held
stead_event_01235,604056056,inner_val
stead_event_01236,604172026,inner_val
stead_event_01237,606441778,fit
stead_event_01238,606441833,held
stead_event_01239,606442850,fit
stead_event_01240,606443015,fit
stead_event_01241,606443318,fit
stead_event_01250,ci15190441,fit
stead_event_01251,ci11338050,inner_val
stead_event_01252,8358327,fit
stead_event_01253,11499509,held
stead_event_01255,13894230,fit
stead_event_01256,13898373,held
stead_event_01258,12921036,fit
stead_event_01259,12921310,inner_val
stead_event_01260,14593988,fit
stead_event_01261,12921588,fit
stead_event_01262,12921657,fit
stead_event_01263,12099731,inner_val
stead_event_01265,13397029,fit
stead_event_01266,13397363,inner_val
stead_event_01267,13397870,fit
stead_event_01268,13401010,inner_val
stead_event_01270,14188784,fit
stead_event_01271,14189018,fit
stead_event_01272,14189804,fit
stead_event_01274,14191157,fit
stead_event_01276,14306213,fit
stead_event_01277,15139283,held
stead_event_01279,602726488,fit
stead_event_01280,602726488,fit
stead_event_01281,602359420,fit
stead_event_01282,602359420,fit
stead_event_01283,602359420,fit
stead_event_01284,602359420,fit
stead_event_01285,603807476,held
stead_event_01288,603808388,fit
stead_event_01289,603808388,fit
stead_event_01290,603808393,fit
stead_event_01291,603808413,inner_val
stead_event_01292,603310337,inner_val
stead_event_01293,603463302,fit
stead_event_01296,603463308,fit
stead_event_01297,603463308,fit
stead_event_01298,603309053,fit
stead_event_01299,603309053,fit
stead_event_01300,603499254,fit
stead_event_01301,603499254,fit
stead_event_01303,603808477,fit
stead_event_01304,603808477,fit
stead_event_01305,603808481,held
stead_event_01306,603499264,fit
stead_event_01307,603499264,fit
stead_event_01308,603499264,fit
stead_event_01309,603499264,fit
stead_event_01312,603808634,inner_val
stead_event_01313,603808634,inner_val
stead_event_01314,603311525,fit
stead_event_01315,603311525,fit
stead_event_01316,603499328,inner_val
stead_event_01317,603499328,inner_val
stead_event_01320,603808693,held
stead_event_01321,603808693,held
stead_event_01322,608588548,held
stead_event_01323,608588548,held
stead_event_01324,603499356,fit
stead_event_01327,603335451,fit
stead_event_01328,603335451,fit
stead_event_01329,603499508,fit
stead_event_01330,603499508,fit
stead_event_01331,608588562,fit
stead_event_01332,608588562,fit
stead_event_01335,603463919,inner_val
stead_event_01336,603808946,fit
stead_event_01337,603808946,fit
stead_event_01338,603808979,fit
stead_event_01339,603808979,fit
stead_event_01344,609059396,fit
stead_event_01347,603438465,fit
stead_event_01348,603438465,fit
stead_event_01351,601675884,fit
stead_event_01353,10909810,fit
stead_event_01354,10954462,fit
stead_event_01356,11670602,inner_val
stead_event_01358,601830341,fit
stead_event_01359,602213372,fit
stead_event_01360,603054801,fit
stead_event_01367,607120300,fit
stead_event_01368,607120300,fit
stead_event_01369,607120300,fit
stead_event_01370,14756518,held
stead_event_01371,14757341,fit
stead_event_01372,16333273,inner_val
stead_event_01373,16867614,fit
stead_event_01376,603048481,fit
stead_event_01377,603048481,fit
stead_event_01378,603819232,fit
stead_event_01379,603819232,fit
stead_event_01380,604858031,fit
stead_event_01382,11324127,fit
stead_event_01383,11324287,fit
stead_event_01384,11513931,fit
stead_event_01386,12921142,fit
stead_event_01387,12921283,fit
stead_event_01388,13378156,fit
stead_event_01389,13398137,inner_val
stead_event_01390,14767047,fit
stead_event_01391,11006261,inner_val
stead_event_01393,13989497,fit
stead_event_01394,13562438,fit
stead_event_01395,13637306,held
stead_event_01396,14766806,held
stead_event_01397,15609025,fit
stead_event_01398,15990247,inner_val
stead_event_01402,ak011gl4levv,fit
stead_event_01403,ak0125irhkr9,fit
stead_event_01404,601459527,held
stead_event_01405,601459527,held
stead_event_01406,602058468,held
stead_event_01407,602058468,held
stead_event_01410,602954416,fit
stead_event_01411,602954416,fit
stead_event_01414,604484400,fit
stead_event_01415,606918180,held
stead_event_01416,606919017,fit
stead_event_01418,605134686,fit
stead_event_01419,605597185,held
stead_event_01422,605659505,fit
stead_event_01423,607187931,held
stead_event_01424,607187931,held
stead_event_01425,607187931,held
stead_event_01430,603794489,fit
stead_event_01431,603794489,fit
stead_event_01434,603956739,held
stead_event_01435,603956739,held
stead_event_01436,604014486,fit
stead_event_01438,604106471,fit
stead_event_01439,604106471,fit
stead_event_01440,604107855,held
stead_event_01441,604107855,held
stead_event_01444,604400615,held
stead_event_01445,604400615,held
stead_event_01446,604464838,fit
stead_event_01448,605469473,fit
stead_event_01449,606745841,fit
stead_event_01450,606745841,fit
stead_event_01456,ak17134644,fit
stead_event_01457,ak17153768,fit
stead_event_01459,ak18057488,fit
stead_event_01460,ak18393877,fit
stead_event_01461,ak18567491,held
stead_event_01463,ak19702124,held
stead_event_01464,ak19967527,fit
stead_event_01470,13993375,inner_val
stead_event_01472,17155813,fit
stead_event_01474,14629268,fit
stead_event_01475,16398544,fit
stead_event_01476,16398544,fit
stead_event_01479,600671310,held
stead_event_01480,600671310,held
stead_event_01481,600671340,held
stead_event_01482,600671340,held
stead_event_01483,ak012blpm04,fit
stead_event_01485,600734618,fit
stead_event_01486,600734618,fit
stead_event_01487,600319669,fit
stead_event_01488,600319669,fit
stead_event_01489,ak0121vy2cgb,fit
stead_event_01492,ak0124vks9cc,fit
stead_event_01494,ak0126j2yrj3,held
stead_event_01497,601475429,fit
stead_event_01498,601475429,fit
stead_event_01499,ak012ae58vqq,held
stead_event_01500,ak012bcijw1d,held
stead_event_01501,602754703,fit
stead_event_01502,603161409,fit
stead_event_01503,603161409,fit
stead_event_01506,ak10824424,fit
stead_event_01507,ak10833442,fit
stead_event_01510,16007273,fit
stead_event_01511,16398544,fit
stead_event_01512,16398544,fit
stead_event_01515,ak012e73qoze,fit
stead_event_01516,602591125,fit
stead_event_01517,602591355,held
stead_event_01518,602591355,held
stead_event_01521,602754703,fit
stead_event_01522,603014472,held
stead_event_01523,603014472,held
stead_event_01524,603161409,fit
stead_event_01525,603161409,fit
stead_event_01529,ak10785942,fit
stead_event_01530,603987163,fit
stead_event_01531,ak10796480,held
stead_event_01532,603987163,fit
stead_event_01533,ak10816937,fit
stead_event_01536,ak10875729,fit
stead_event_01537,ak10895580,fit
stead_event_01540,ak11184848,fit
stead_event_01541,604400615,held
stead_event_01542,604400615,held
stead_event_01545,ak17134644,fit
stead_event_01546,ak17153768,fit
stead_event_01548,ak18057488,fit
stead_event_01549,ak18378155,fit
stead_event_01550,ak18567491,held
stead_event_01551,ak18740223,fit
stead_event_01553,ak19702124,held
stead_event_01554,ak10844368,fit
stead_event_01555,603794489,fit
stead_event_01556,ak10852714,fit
stead_event_01560,603956739,held
stead_event_01561,603956739,held
stead_event_01562,604014486,fit
stead_event_01565,ak11166338,held
stead_event_01566,604107855,held
stead_event_01567,604107855,held
stead_event_01568,ak11184586,fit
stead_event_01569,604400615,held
stead_event_01570,604400615,held
stead_event_01571,ak11184848,fit
stead_event_01572,604464838,fit
stead_event_01573,605469473,fit
stead_event_01574,ak16943471,fit
stead_event_01576,ak17974472,held
stead_event_01577,ak18378155,fit
stead_event_01578,ak18740223,fit
stead_event_01579,ak19702124,held
stead_event_01580,ak17974472,held
stead_event_01581,ak18378155,fit
stead_event_01582,uw60725606,held
stead_event_01583,uw60725606,held
stead_event_01584,16012717,fit
stead_event_01585,16012717,fit
stead_event_01586,uw10819223,fit
stead_event_01587,606505114,fit
stead_event_01588,606505114,fit
stead_event_01589,606505114,fit
stead_event_01590,606505114,fit
stead_event_01591,uw10816778,held
stead_event_01592,608553894,held
stead_event_01593,uw61267487,inner_val
stead_event_01594,uw60952487,fit
stead_event_01596,nc71779090,fit
stead_event_01597,nc72172016,fit
stead_event_01598,nc72768511,fit
stead_event_01599,604059721,fit
stead_event_01600,nc71788691,held
stead_event_01601,nc71789946,fit
stead_event_01603,nc71795776,fit
stead_event_01605,nc71815591,fit
stead_event_01607,nc71831291,fit
stead_event_01608,nc71837016,fit
stead_event_01609,nc71838070,fit
stead_event_01612,nc71842080,fit
stead_event_01613,nc71842255,fit
stead_event_01615,nc71845790,inner_val
stead_event_01616,nc71846085,inner_val
stead_event_01617,nc71858955,fit
stead_event_01618,nc71865635,inner_val
stead_event_01619,nc71898316,fit
stead_event_01621,nc71907836,fit
stead_event_01622,nc71912466,fit
stead_event_01623,nc71917146,held
stead_event_01628,nc71946770,fit
stead_event_01629,nc71952505,fit
stead_event_01630,nc71960855,fit
stead_event_01631,nc71962080,held
stead_event_01632,nc71967375,fit
stead_event_01633,nc71968695,held
stead_event_01635,nc71979765,fit
stead_event_01639,nc71980445,fit
stead_event_01640,nc71980540,fit
stead_event_01641,nc71992936,fit
stead_event_01643,nc71993701,held
stead_event_01644,nc71994086,fit
stead_event_01646,nc72015675,fit
stead_event_01647,nc72015675,fit
stead_event_01648,nc72018865,fit
stead_event_01649,nc72021855,fit
stead_event_01651,nc72036165,fit
stead_event_01653,nc72046966,fit
stead_event_01655,nc72054076,fit
stead_event_01656,nc72055081,fit
stead_event_01658,nc72063471,fit
stead_event_01660,nc72070096,fit
stead_event_01661,nc72076146,fit
stead_event_01662,nc72080926,held
stead_event_01663,nc72083511,fit
stead_event_01664,nc72083516,inner_val
stead_event_01665,nc72090371,inner_val
stead_event_01666,nc72095851,inner_val
stead_event_01667,nc72096591,fit
stead_event_01668,nc72099381,held
stead_event_01671,nc72109551,fit
stead_event_01673,nc72109965,inner_val
stead_event_01674,nc72114295,fit
stead_event_01678,nc72144950,held
stead_event_01680,nc72157001,fit
stead_event_01681,nc72172021,fit
stead_event_01682,nc72181116,fit
stead_event_01683,nc72181796,fit
stead_event_01684,nc72185936,held
stead_event_01685,nc72187681,fit
stead_event_01686,nc72187866,fit
stead_event_01687,nc72188301,fit
stead_event_01688,nc72188586,inner_val
stead_event_01689,nc72185210,fit
stead_event_01690,nc72189495,inner_val
stead_event_01691,nc72190295,fit
stead_event_01692,nc72202190,held
stead_event_01694,nc72499496,fit
stead_event_01696,nc71772655,fit
stead_event_01697,nc71778655,fit
stead_event_01698,nc71783871,held
stead_event_01699,nc71784316,inner_val
stead_event_01700,nc71788691,held
stead_event_01702,nc71793886,fit
stead_event_01704,nc71799186,fit
stead_event_01705,nc71800371,fit
stead_event_01706,nc71815591,fit
stead_event_01708,nc71822636,held
stead_event_01710,nc71831291,fit
stead_event_01711,nc71832046,fit
stead_event_01712,nc71837896,fit
stead_event_01715,nc71842255,fit
stead_event_01717,nc71845805,held
stead_event_01719,nc71865635,inner_val
stead_event_01720,nc71890486,fit
stead_event_01721,nc71898316,fit
stead_event_01722,nc71898326,held
stead_event_01723,nc71899071,fit
stead_event_01724,nc71903411,fit
stead_event_01726,nc71917146,held
stead_event_01727,nc71918476,fit
stead_event_01729,nc71921091,fit
stead_event_01733,nc71942075,fit
stead_event_01734,nc71947725,inner_val
stead_event_01735,nc71947735,fit
stead_event_01736,nc71952505,fit
stead_event_01737,nc71957995,held
stead_event_01738,nc71960855,fit
stead_event_01739,nc71962080,held
stead_event_01740,nc71967375,fit
stead_event_01741,nc71968695,held
stead_event_01743,nc71976060,fit
stead_event_01746,nc71980445,fit
stead_event_01747,nc71980540,fit
stead_event_01750,nc71989571,held
stead_event_01751,nc71992936,fit
stead_event_01752,nc71993641,fit
stead_event_01754,nc71993701,held
stead_event_01755,nc71994086,fit
stead_event_01757,nc72004760,inner_val
stead_event_01758,nc72007890,inner_val
stead_event_01760,nc72017985,fit
stead_event_01761,nc72021855,fit
stead_event_01763,nc72029540,fit
stead_event_01764,nc72029540,fit
stead_event_01765,nc72036165,fit
stead_event_01768,nc72046966,fit
stead_event_01769,nc72049236,fit
stead_event_01770,nc72052066,fit
stead_event_01771,nc72054076,fit
stead_event_01772,nc72055081,fit
stead_event_01774,nc72059836,fit
stead_event_01776,nc72063471,fit
stead_event_01778,nc72075946,fit
stead_event_01779,nc72080926,held
stead_event_01780,nc72090371,inner_val
stead_event_01781,nc72095851,inner_val
stead_event_01782,nc72096591,fit
stead_event_01783,nc72099381,held
stead_event_01786,nc72107726,fit
stead_event_01788,nc72109096,held
stead_event_01789,nc72109551,fit
stead_event_01791,nc72114295,fit
stead_event_01792,nc72116145,fit
stead_event_01793,nc72122005,fit
stead_event_01794,nc72122010,held
stead_event_01795,nc72125816,fit
stead_event_01801,nc72144950,held
stead_event_01803,nc72157001,fit
stead_event_01804,nc72170726,held
stead_event_01805,nc72172021,fit
stead_event_01808,nc72177626,fit
stead_event_01809,nc72177996,fit
stead_event_01811,nc72181116,fit
stead_event_01812,nc72181141,fit
stead_event_01813,nc72181796,fit
stead_event_01814,nc72185141,held
stead_event_01815,nc72185936,held
stead_event_01816,nc72187661,fit
stead_event_01817,nc72187681,fit
stead_event_01818,nc72187796,fit
stead_event_01819,nc72187796,fit
stead_event_01820,nc72187831,fit
stead_event_01821,nc72187851,inner_val
stead_event_01822,nc72187866,fit
stead_event_01823,nc72188301,fit
stead_event_01824,nc72188586,inner_val
stead_event_01825,nc72185210,fit
stead_event_01826,nc72187995,fit
stead_event_01827,nc72189095,fit
stead_event_01828,nc72190295,fit
stead_event_01829,nc72202190,held
stead_event_01832,nc72499496,fit
stead_event_01834,nc72667156,held
stead_event_01835,nc71772655,fit
stead_event_01836,nc71788691,held
stead_event_01837,nc71789946,fit
stead_event_01842,nc71831291,fit
stead_event_01843,nc71832046,fit
stead_event_01844,nc71837896,fit
stead_event_01845,nc71838070,fit
stead_event_01848,nc71842255,fit
stead_event_01849,nc71845790,inner_val
stead_event_01850,nc71852850,held
stead_event_01851,nc71858955,fit
stead_event_01852,nc71903411,fit
stead_event_01853,nc71918476,fit
stead_event_01857,nc71942075,fit
stead_event_01858,nc71947735,fit
stead_event_01859,nc71952505,fit
stead_event_01860,nc71957995,held
stead_event_01861,nc71967375,fit
stead_event_01862,nc71968695,held
stead_event_01864,nc71976060,fit
stead_event_01868,nc71980445,fit
stead_event_01870,nc71989571,held
stead_event_01871,nc71992936,fit
stead_event_01872,nc71993641,fit
stead_event_01874,nc71993701,held
stead_event_01876,nc72004760,inner_val
stead_event_01878,nc72015675,fit
stead_event_01879,nc72015675,fit
stead_event_01880,nc72018865,fit
stead_event_01881,nc72021855,fit
stead_event_01883,nc72029540,fit
stead_event_01884,nc72029540,fit
stead_event_01886,nc72046966,fit
stead_event_01887,nc72049236,fit
stead_event_01888,nc72052066,fit
stead_event_01891,nc72054076,fit
stead_event_01892,nc72055081,fit
stead_event_01894,nc72059836,fit
stead_event_01896,nc72063471,fit
stead_event_01898,nc72075946,fit
stead_event_01899,nc72080926,held
stead_event_01900,nc72083511,fit
stead_event_01901,nc72083516,inner_val
stead_event_01902,nc72090371,inner_val
stead_event_01903,nc72095851,inner_val
stead_event_01904,nc72096591,fit
stead_event_01905,nc72099381,held
stead_event_01908,nc72107726,fit
stead_event_01910,nc72109096,held
stead_event_01912,nc72109965,inner_val
stead_event_01913,nc72113545,fit
stead_event_01914,nc72114295,fit
stead_event_01915,nc72116145,fit
stead_event_01916,nc72122005,fit
stead_event_01917,nc72122010,held
stead_event_01921,nc72140381,inner_val
stead_event_01924,nc72157001,fit
stead_event_01925,nc72172021,fit
stead_event_01927,nc72177626,fit
stead_event_01929,nc72181116,fit
stead_event_01930,nc72181141,fit
stead_event_01932,nc72185141,held
stead_event_01933,nc72185936,held
stead_event_01934,nc72187661,fit
stead_event_01935,nc72187681,fit
stead_event_01936,nc72187796,fit
stead_event_01937,nc72187831,fit
stead_event_01938,nc72187851,inner_val
stead_event_01939,nc72187866,fit
stead_event_01940,nc72188301,fit
stead_event_01941,nc72188586,inner_val
stead_event_01942,nc72188626,held
stead_event_01943,nc72185210,fit
stead_event_01944,nc72190295,fit
stead_event_01945,nc72202190,held
stead_event_01947,nc72393471,fit
stead_event_01948,nc72499496,fit
stead_event_01949,nc72667156,held
stead_event_01951,nc71822636,held
stead_event_01952,nc71842080,fit
stead_event_01953,nc71842255,fit
stead_event_01956,nc71917146,held
stead_event_01962,nc72018865,fit
stead_event_01964,nc72052066,fit
stead_event_01967,nc72054076,fit
stead_event_01968,nc72055081,fit
stead_event_01970,nc72076146,fit
stead_event_01971,nc72080926,held
stead_event_01973,nc72144950,held
stead_event_01975,nc72172021,fit
stead_event_01977,nc72185936,held
stead_event_01978,nc72189495,inner_val
stead_event_01980,8505844,fit
stead_event_01982,nc71654676,fit
stead_event_01983,nc71811121,fit
stead_event_01984,nc72067531,fit
stead_event_01985,nc71603185,fit
stead_event_01987,nc71805301,held
stead_event_01988,nc71805701,inner_val
stead_event_01989,nc71811071,fit
stead_event_01991,nc71832301,held
stead_event_01993,nc71874555,held
stead_event_01996,nc71916671,held
stead_event_01998,nc71924401,inner_val
stead_event_01999,nc71933366,held
stead_event_02000,nc71935291,fit
stead_event_02001,nc71968790,fit
stead_event_02003,nc72002511,fit
stead_event_02005,nc72016725,fit
stead_event_02006,nc72046881,inner_val
stead_event_02007,nc72089726,fit
stead_event_02008,nc72090601,fit
stead_event_02009,nc72099826,fit
stead_event_02010,nc72105586,fit
stead_event_02011,nc72113065,held
stead_event_02015,nc72143896,fit
stead_event_02016,nc72144000,fit
stead_event_02017,nc72173701,fit
stead_event_02019,nc72570351,fit
stead_event_02022,nc71585170,fit
stead_event_02023,nc71652571,fit
stead_event_02027,nc71804565,fit
stead_event_02028,nc71813076,fit
stead_event_02029,nc71832301,held
stead_event_02031,nc71859610,fit
stead_event_02032,nc71860050,fit
stead_event_02033,nc71871740,fit
stead_event_02034,nc71872340,fit
stead_event_02035,nc71874555,held
stead_event_02037,nc71889591,fit
stead_event_02039,nc71908916,fit
stead_event_02040,nc71913836,fit
stead_event_02041,nc71914151,fit
stead_event_02042,nc71922126,held
stead_event_02044,nc71926601,fit
stead_event_02045,nc71929426,fit
stead_event_02047,nc71960760,fit
stead_event_02048,nc71968790,fit
stead_event_02050,nc71972105,fit
stead_event_02051,nc71980625,fit
stead_event_02052,nc71984641,fit
stead_event_02053,nc72002511,fit
stead_event_02055,nc72005340,fit
stead_event_02058,nc72030500,held
stead_event_02060,nc72046881,inner_val
stead_event_02063,nc72090601,fit
stead_event_02064,nc72099826,fit
stead_event_02065,nc72101246,fit
stead_event_02067,nc72112395,fit
stead_event_02069,nc72125676,held
stead_event_02070,nc72128376,fit
stead_event_02071,nc72138761,held
stead_event_02073,nc72143896,fit
stead_event_02075,nc72160116,fit
stead_event_02076,nc72173701,fit
stead_event_02078,nc72191880,fit
stead_event_02079,nc72291981,fit
stead_event_02080,nc72297461,inner_val
stead_event_02081,nc72507256,held
stead_event_02082,nc72556736,fit
stead_event_02083,nc72938116,held
stead_event_02084,nc71805301,held
stead_event_02085,nc71805701,inner_val
stead_event_02086,nc71811071,fit
stead_event_02087,nc71832301,held
stead_event_02088,nc71860050,fit
stead_event_02089,nc71873180,fit
stead_event_02090,nc71873265,fit
stead_event_02091,nc71897156,fit
stead_event_02092,nc71933366,held
stead_event_02093,nc71935291,fit
stead_event_02094,nc71964200,fit
stead_event_02095,nc71966580,fit
stead_event_02097,nc71980625,fit
stead_event_02098,nc71984641,fit
stead_event_02099,nc72031260,held
stead_event_02100,nc72113080,fit
stead_event_02102,nc72177791,fit
stead_event_02107,nc71805301,held
stead_event_02108,nc71805701,inner_val
stead_event_02110,nc71813076,fit
stead_event_02111,nc71832301,held
stead_event_02113,nc71860050,fit
stead_event_02114,nc71871740,fit
stead_event_02115,nc71874555,held
stead_event_02117,nc71914646,held
stead_event_02118,nc71916671,held
stead_event_02120,nc71924401,inner_val
stead_event_02121,nc71933366,held
stead_event_02122,nc71960345,fit
stead_event_02123,nc71968790,fit
stead_event_02125,nc71976605,fit
stead_event_02127,nc72016695,fit
stead_event_02129,nc72029235,fit
stead_event_02130,nc72039811,fit
stead_event_02131,nc72046881,inner_val
stead_event_02132,nc72083941,held
stead_event_02133,nc72089726,fit
stead_event_02134,nc72090601,fit
stead_event_02135,nc72099826,fit
stead_event_02137,nc72143896,fit
stead_event_02139,nc72144000,fit
stead_event_02140,nc72160116,fit
stead_event_02141,nc72173701,fit
stead_event_02142,nc72177791,fit
stead_event_02143,nc72297461,inner_val
stead_event_02144,nc72507256,held
stead_event_02145,nc72938116,held
stead_event_02146,10902223,inner_val
stead_event_02148,nc71827401,fit
stead_event_02150,nc71873160,held
stead_event_02151,nc71924341,fit
stead_event_02152,nc71935341,fit
stead_event_02153,nc72044591,held
stead_event_02154,nc72046216,fit
stead_event_02155,nc72129776,fit
stead_event_02156,nc72129776,fit
stead_event_02158,nc72167161,fit
stead_event_02159,nc72418550,fit
stead_event_02163,nc71827401,fit
stead_event_02166,nc71865625,inner_val
stead_event_02167,nc71935341,fit
stead_event_02168,nc71962570,fit
stead_event_02172,nc72044591,held
stead_event_02174,nc72121135,held
stead_event_02175,nc72167161,fit
stead_event_02176,nc72601150,fit
stead_event_02178,nc71774550,held
stead_event_02179,nc71797341,fit
stead_event_02180,nc71827401,fit
stead_event_02182,nc71909141,fit
stead_event_02183,nc71929246,fit
stead_event_02189,nc72044151,fit
stead_event_02190,nc72067636,fit
stead_event_02192,nc72129776,fit
stead_event_02193,nc72129776,fit
stead_event_02194,nc72132601,fit
stead_event_02195,nc72165381,fit
stead_event_02196,nc72167161,fit
stead_event_02201,nc71865625,inner_val
stead_event_02202,nc71935341,fit
stead_event_02203,nc71975280,fit
stead_event_02206,nc72046216,fit
stead_event_02209,nc72121135,held
stead_event_02210,nc72165381,fit
stead_event_02211,nc72167161,fit
stead_event_02212,nc72601150,fit
stead_event_02217,nc71873160,held
stead_event_02218,nc71924341,fit
stead_event_02222,nc72044591,held
stead_event_02223,nc72129776,fit
stead_event_02224,nc72129776,fit
stead_event_02225,nc72165381,fit
stead_event_02226,nc72167161,fit
stead_event_02227,nc72418550,fit
stead_event_02229,nc71924341,fit
stead_event_02230,nc72067636,fit
stead_event_02231,nc72129776,fit
stead_event_02232,nc72129776,fit
stead_event_02233,nc72167161,fit
