event_id,source_id,p_true_sec,s_true_sec,p_peak,p_quality,p_time,s_peak_20,s_quality_20,s_time_20,s_peak_30,s_quality_30,s_time_30,s_peak_40,s_quality_40,s_time_40
stead_event_00007,12962350,4,7.63,0.932423651218414,221.460423125397,4,0.886065781116486,37.2367794027349,7.73,0.886065781116486,55.5609529432327,7.73,0.886065781116486,74.0214603083876,7.73
stead_event_00008,ci10279289,9,12.25,0.943562984466553,236.751692160348,8.99,0.764903545379639,30.248870086827,12.67,0.764903545379639,45.3294616556477,12.67,0.764903545379639,60.3935594684121,12.67
stead_event_00009,12962332,8,11.44,0.942807078361511,235.148713799989,7.99,0.764415442943573,30.126218167213,11.67,0.764415442943573,45.1460655295786,11.67,0.764415442943573,60.1494830646003,11.67
stead_event_00012,10925153,9,15.37,0.936354517936707,243.447386780474,9.34,0.937869310379028,43.8066400608036,15.46,0.937869310379028,65.6946861497886,15.46,0.937869310379028,87.5420741782668,15.46
stead_event_00016,13259505,6,11.24,0.873823344707489,232.251072158045,6.33,0.1291763484478,49.6599646009789,13.68,0.1291763484478,67.60430447683,13.68,0.1291763484478,88.28717390005,13.68
stead_event_00017,604179950,9,13.24,0.732406616210938,173.541829816974,9.04,0.816449820995331,20.9034598703687,13.2,0.816449820995331,31.1616452211672,13.2,0.816449820995331,41.5389564309361,13.2
stead_event_00018,604179950,6,10.24,0.735012233257294,172.566835095874,6.04,0.811935067176819,21.0523932259097,10.2,0.811935067176819,31.3789446497251,10.2,0.811935067176819,41.828130772793,10.2
stead_event_00051,449393,11.16,11.59,0.962646007537842,263.673766684083,11.16,0.972342729568481,58.1917362863048,11.57,0.972342729568481,87.2939585014794,11.57,0.972342729568481,116.317405083036,11.57
stead_event_00085,449393,10.96,12.04,0.971000134944916,255.762762039824,10.96,0.909899592399597,55.350988346633,12.02,0.909899592399597,82.9371546033233,12.02,0.909899592399597,110.438872629847,12.02
stead_event_00103,495,14.3,15.31,0.946379244327545,237.166262615901,14.3,0.756681442260742,66.1280525295323,15.31,0.756681442260742,97.3504859545381,15.31,0.756681442260742,127.785861541482,15.31
stead_event_00108,449393,11.02,11.92,0.943375706672668,247.69149730965,11.02,0.912600576877594,42.3576959486675,11.91,0.912600576877594,63.5306888302081,11.91,0.912600576877594,84.6663740271206,11.91
stead_event_00125,431338,11.43,12.52,0.907304406166077,204.64193841023,11.45,0.68364417552948,52.3154715155657,12.5,0.68364417552948,78.3435935799617,12.5,0.68364417552948,104.266202264899,12.5
stead_event_00132,419463,11.61,12.6,0.65426367521286,209.788562473814,11.6,0.895204603672028,41.4415417523484,12.58,0.895204603672028,61.5767261743063,12.58,0.895204603672028,81.2607775067896,12.58
stead_event_00140,602347413,6,11.48,0.772879064083099,148.671606881961,6.16,0.632037162780762,21.8968719666046,10.92,0.632037162780762,32.7764169370819,10.92,0.632037162780762,43.6791344203298,10.92
stead_event_00141,602347413,4,9.48,0.773344159126282,157.516378045118,4.16,0.630188345909119,22.0602754179242,8.92,0.630188345909119,33.0191599656783,8.92,0.630188345909119,44.0020406631617,8.92
stead_event_00161,ld60047501,8,9.89,0.923523962497711,216.830935005922,7.96,0.97563111782074,57.0698625756634,9.84,0.97563111782074,85.5554094066331,9.84,0.97563111782074,113.888328271673,9.84
stead_event_00162,603441563,4.48,7.25,0.922699987888336,224.559816049549,4.49,0.772287011146545,32.923495473248,7.27,0.772287011146545,49.4025354094127,7.27,0.772287011146545,65.8528117682766,7.27
stead_event_00177,16334499,9,17.5,0.695831060409546,81.2305054400317,0.98,0.710756003856659,5.55102284071517,13.05,0.710756003856659,5.67898190326079,13.05,0.710756003856659,7.25505651233778,13.05
stead_event_00178,16336727,5,6.7,0.88329291343689,210.885369569766,5.21,0.584987282752991,17.9857445261641,7.39,0.584987282752991,26.9886085751805,7.39,0.584987282752991,35.9812494691495,7.39
stead_event_00184,ci11209170,10,14.5,0.911761820316315,201.880332091032,9.98,0.921400606632233,22.0047523086152,14.47,0.921400606632233,33.0200515703073,14.47,0.921400606632233,44.0220254996451,14.47
stead_event_00193,15898998,9,13.45,0.885389029979706,184.271528819259,8.85,0.899608194828033,19.1594582252133,13.26,0.899608194828033,28.7173002784855,13.26,0.899608194828033,38.2894312071652,13.26
stead_event_00194,15899135,9,15.02,0.0870861709117889,150.797777165074,8.41,0.92048841714859,27.3336107722787,9,0.92048841714859,38.8494180166153,9,0.92048841714859,48.7578271460262,9
stead_event_00208,605626911,7,15.44,0.812015354633331,185.455332751615,6.96,0.675737738609314,13.0624746930454,16.02,0.675737738609314,18.3872556888632,16.02,0.675737738609314,24.4284624536953,16.02
stead_event_00218,12680913,5,9.8,0.928952574729919,234.512428982559,5,0.952691197395325,34.1450466158004,9.78,0.952691197395325,51.2245519394222,9.78,0.952691197395325,68.2855137264054,9.78
stead_event_00225,602562570,9,12.36,0.588476657867432,146.42890668678,9.25,0.650702297687531,31.1908377668476,12.76,0.650702297687531,46.6134164033085,12.76,0.650702297687531,62.0995194423724,12.76
stead_event_00226,602562570,5,8.36,0.587635040283203,145.833441696183,5.25,0.654003500938416,31.0189850926519,8.76,0.654003500938416,46.3580545619084,8.76,0.654003500938416,61.7603403840592,8.76
stead_event_00227,603798149,8,10.71,0.839754223823547,197.651854294834,8.09,0.500355362892151,34.7805359272704,10.56,0.500355362892151,52.1244687629948,10.56,0.500355362892151,69.4273148871483,10.56
stead_event_00228,603798149,5,7.71,0.83889240026474,201.466597303303,5.09,0.497966170310974,34.9762193477415,7.56,0.497966170310974,52.4164486652156,7.56,0.497966170310974,69.8149487754293,7.56
stead_event_00239,hv61128081,4,6.65,0.878418803215027,174.102196902117,4.03,0.692103564739227,24.5623787240629,6.66,0.692103564739227,36.7883484379148,6.66,0.692103564739227,49.0269173293334,6.66
stead_event_00243,hv61222466,8,11.06,0.951220154762268,203.65929289901,8.02,0.760910212993622,24.9073700335566,15.75,0.760910212993622,37.2926067611987,15.75,0.760910212993622,49.699748847058,15.75
stead_event_00249,hv61414371,7.01,12.2,0.890655815601349,230.329691199741,7,0.835410535335541,14.7888954381833,12.23,0.835410535335541,21.7112440256114,12.23,0.835410535335541,28.9196738292326,12.23
stead_event_00253,hv61468921,5,6.25,0.927910387516022,234.83004425655,5.04,0.743819177150726,27.8354483166219,6.19,0.743819177150726,41.764918349368,6.19,0.743819177150726,55.6666272373336,6.19
stead_event_00263,hv61630461,5,5.81,0.948326587677002,262.429470794924,5.03,0.908610761165619,47.4200511554698,5.75,0.908610761165619,71.1356171435972,5.75,0.908610761165619,94.7940184866183,5.75
stead_event_00265,hv61631916,9,13.54,0.686245799064636,209.239164052806,9.01,0.844956457614899,19.7824514922897,13.47,0.844956457614899,27.9597683728701,13.47,0.844956457614899,37.2428647895672,13.47
stead_event_00270,hv61720621,8,9.03,0.954244434833527,245.099478641835,8.02,0.923774302005768,43.2924303944856,8.95,0.923774302005768,64.9498477647146,8.95,0.923774302005768,86.5553336370211,8.95
stead_event_00289,hv70278546,4.01,5.33,0.91787588596344,230.825031076449,4.01,0.432585418224335,26.4380505762379,5.42,0.432585418224335,39.5907106504614,5.42,0.432585418224335,52.734219730842,5.42
stead_event_00294,hv70296771,7.01,8.93,0.904033184051514,221.355912600398,6.99,0.210930004715919,26.285381618025,8.68,0.210930004715919,39.1394406123285,8.68,0.210930004715919,52.0406372919184,8.68
stead_event_00297,hv70313911,6.96,7.97,0.2436653226614,170.002368250978,6.99,0.578008949756622,16.519069213006,16.18,0.578008949756622,24.7908659647682,16.18,0.578008949756622,33.0386277754843,16.18
stead_event_00301,hv70332396,6.03,7.04,0.946273565292358,230.12324220268,6.02,0.502802133560181,24.4653727990531,7.96,0.502802133560181,33.7018131526062,7.96,0.502802133560181,44.8763091704099,7.96
stead_event_00309,hv70368966,4.01,5.17,0.944106698036194,235.945889673076,4,0.633969962596893,28.9633907367883,5.15,0.633969962596893,43.4476424935969,5.15,0.633969962596893,57.8957047009524,5.15
stead_event_00315,hv70413467,8.01,9.21,0.947619915008545,232.243035368886,8,0.523714125156403,33.125110292611,9.8,0.523714125156403,49.619216594635,9.8,0.523714125156403,66.0735617482051,9.8
stead_event_00320,hv70444457,7.99,9.61,0.920963883399963,218.476567811786,7.98,0.687097370624542,24.4154044794808,9.12,0.687097370624542,36.609061345419,9.12,0.687097370624542,48.7977056984134,9.12
stead_event_00327,hv70476007,6.01,7.33,0.908207952976227,220.680879256983,5.99,0.566506087779999,28.6214293280608,15.23,0.566506087779999,42.9130786220242,15.23,0.566506087779999,57.1681939822238,15.23
stead_event_00344,hv61414371,4.03,8.58,0.968941807746887,255.882909127107,4.01,0.895515143871307,34.0513264243912,8.55,0.895515143871307,51.012074168241,8.55,0.895515143871307,67.9820153640762,8.55
stead_event_00347,hv61468921,7,10.08,0.947915971279144,229.892874739128,7.01,0.892926394939423,31.2259467072478,10.04,0.892926394939423,46.8139131687064,10.04,0.892926394939423,62.3917571420831,10.04
stead_event_00355,hv61631916,6,10.52,0.962069153785706,248.957162281939,6,0.90062028169632,29.8338615678637,10.39,0.90062028169632,44.7669192002065,10.39,0.90062028169632,59.6847925841093,10.39
stead_event_00360,hv61720621,4,7.48,0.93785035610199,232.670759651772,4,0.803572416305542,38.5756693835374,7.47,0.803572416305542,57.2432341003615,7.47,0.803572416305542,76.2417839837045,7.47
stead_event_00361,hv61765531,7,13.09,0.848149836063385,166.910864481235,7,0.61342591047287,10.9400500528982,13.54,0.61342591047287,16.2874704371826,13.54,0.61342591047287,21.7181609567822,13.54
stead_event_00372,12975248,9,21.21,0.60937637090683,123.028903953336,8.98,0.584744393825531,10.01113368649,22.65,0.584744393825531,13.4881783542879,22.65,0.584744393825531,17.9090530031299,22.65
stead_event_00397,601253816,9,14.42,0.911918044090271,193.133759044974,9.04,0.913314282894135,29.3090539040853,14.58,0.913314282894135,43.9265693405214,14.58,0.913314282894135,58.5265942345809,14.58
stead_event_00398,601253816,7,12.42,0.911994934082031,194.476176646726,7.04,0.913180828094482,29.410772715235,12.58,0.913180828094482,44.0786530614785,12.58,0.913180828094482,58.7318133219619,12.58
stead_event_00402,601455028,9,13.7,0.935190975666046,233.233566313486,9.39,0.898036539554596,13.0303212256479,14.2,0.898036539554596,19.4724511981621,14.2,0.898036539554596,25.9527936505487,14.2
stead_event_00403,601455028,5,9.7,0.935681462287903,234.699019934964,5.39,0.898127019405365,13.0714376333196,10.2,0.898127019405365,19.5337336975701,10.2,0.898127019405365,26.0344309306939,10.2
stead_event_00404,601456130,8,13.46,0.938255786895752,237.458614215543,8.08,0.832018613815308,17.253462875307,13.77,0.832018613815308,25.7777206689412,13.77,0.832018613815308,34.3302343155618,13.77
stead_event_00405,601456130,6,11.46,0.938511908054352,235.262057786658,6.08,0.832330942153931,17.1715984743283,11.77,0.832330942153931,25.6563718798719,11.77,0.832330942153931,34.1690576377306,11.77
stead_event_00415,602952322,8,10.32,0.972418129444122,242.417632494891,7.99,0.96393084526062,34.5429119567228,10.27,0.96393084526062,51.8216806161314,10.27,0.96393084526062,69.0680815843045,10.27
stead_event_00417,602952346,6,11.18,0.968715488910675,237.109823263542,6.05,0.956298589706421,26.5233238614517,11.12,0.956298589706421,39.7829905169498,11.12,0.956298589706421,53.0256867489343,11.12
stead_event_00422,602952561,8,10.69,0.941568851470947,224.236877014065,8.02,0.248084142804146,51.8477646611433,10.64,0.248084142804146,77.2701852574783,10.64,0.248084142804146,102.431781630502,10.64
stead_event_00430,603374582,9,14.29,0.952347815036774,225.814399023277,8.95,0.901497542858124,12.0648583571302,14.3,0.901497542858124,18.0660639986391,14.3,0.901497542858124,24.0931075076243,14.3
stead_event_00441,603374662,9,13.12,0.947498381137848,223.047203357332,8.96,0.953539907932281,20.3703838997566,13.02,0.953539907932281,30.4275965857134,13.02,0.953539907932281,40.5295556243142,13.02
stead_event_00442,603374662,7,11.12,0.94778037071228,223.02339078501,6.96,0.953555524349213,20.2795762147316,11.02,0.953555524349213,30.2869233705269,11.02,0.953555524349213,40.3425586198375,11.02
stead_event_00448,603463446,4,9.1,0.925262987613678,200.137617615499,4,0.92573869228363,26.9509713780431,9.18,0.92573869228363,39.6986250168053,9.18,0.92573869228363,52.1528429479588,9.18
stead_event_00465,603760886,9,14.53,0.893169701099396,154.110785206204,9,0.856052398681641,19.8328781993146,15.18,0.856052398681641,29.7181308446072,15.18,0.856052398681641,39.6247361767253,15.18
stead_event_00466,603760886,4,9.53,0.893564164638519,156.529402559793,4,0.853802621364594,20.1622864402739,10.18,0.853802621364594,30.2099881807508,10.18,0.853802621364594,40.2799900678597,10.18
stead_event_00494,15111098,6,17.01,0.187453135848045,89.2345839880853,6.17,0.563750743865967,56.1042260093809,17.63,0.563750743865967,76.6009633089457,17.63,0.563750743865967,101.583049274322,17.63
stead_event_00512,8291998,9,19.22,0.862880170345306,172.128194294109,9.04,0.908133327960968,30.018967089519,19.25,0.908133327960968,44.9936912051945,19.25,0.908133327960968,59.9711231950247,19.25
stead_event_00514,9569686,6,15.17,0.545823693275452,116.27804131057,5.99,0.893058300018311,28.3867938240444,15.26,0.893058300018311,42.2048454792637,15.26,0.893058300018311,56.2498129998957,15.26
stead_event_00515,11121384,5,15.02,0.339839965105057,160.481908848074,5.67,0.583924353122711,39.937158377488,14.96,0.583924353122711,59.4611959967297,14.96,0.583924353122711,79.1580662857743,14.96
stead_event_00518,12975248,8,19.64,0.923294484615326,176.599839814883,8.07,0.929320991039276,35.3603755162116,19.64,0.929320991039276,52.858282080801,19.64,0.929320991039276,70.4503428948637,19.64
stead_event_00521,15111098,8,19.19,0.782025337219238,195.602142213072,8.08,0.898205876350403,52.2353084575634,19.39,0.898205876350403,78.2449183368138,19.39,0.898205876350403,104.227073827817,19.39
stead_event_00551,hv61468921,8,13.53,0.931387305259705,225.11199366995,8.02,0.496115654706955,16.7108271560986,13.58,0.496115654706955,23.058918644046,13.58,0.496115654706955,30.4413036968029,13.58
stead_event_00563,hv61720621,9,14.54,0.8039830327034,207.766915893175,9.01,0.570228159427643,18.7290565511495,27.73,0.570228159427643,25.1873881226837,27.73,0.570228159427643,31.3948258019233,27.73
stead_event_00564,hv61765531,7,11.21,0.938057661056519,213.420678559579,7.05,0.725388169288635,31.2347410954816,11.26,0.725388169288635,46.8305802687859,11.26,0.725388169288635,62.4083559907987,11.26
stead_event_00567,hv61894361,4,6.37,0.885020434856415,216.000181256772,4.07,0.9160315990448,35.2488800884493,6.43,0.9160315990448,52.188568855822,6.43,0.9160315990448,69.3515519467748,6.43
stead_event_00580,hv70368831,4.98,10.16,0.775628089904785,148.821738994781,0.97,0.707203507423401,12.3281982617799,20.19,0.707203507423401,14.6160217554295,20.19,0.707203507423401,19.0477942605658,20.19
stead_event_00585,hv70476007,5.94,12.12,0.864882349967957,178.887868356822,5.93,0.51229202747345,13.7764106531121,12.95,0.51229202747345,17.6356294059911,12.95,0.51229202747345,22.6604638910582,12.95
stead_event_00609,600928972,9,14.3,0.947454452514648,217.214679826134,8.97,0.46770367026329,28.3896409160844,14.36,0.46770367026329,41.2203237424617,14.36,0.46770367026329,54.7934835806999,14.36
stead_event_00610,601824235,2.17,6.24,0.944164633750916,244.533985912446,2.17,0.968480467796326,47.4020089230027,6.21,0.968480467796326,71.0257582977521,6.21,0.968480467796326,94.6198524518269,6.21
stead_event_00611,601253049,7,9.5,0.971447885036469,241.652610470611,7.17,0.923333823680878,62.4982923755918,9.57,0.923333823680878,93.6643223925941,9.57,0.923333823680878,124.727270162597,9.57
stead_event_00618,604500852,7,12.5,0.934250473976135,184.952196780805,6.96,0.78025358915329,28.7738326603417,12.6,0.78025358915329,42.5911505170625,12.6,0.78025358915329,56.7379159938504,12.6
stead_event_00619,604500852,5,10.5,0.919334352016449,185.432088990304,4.96,0.78233003616333,28.4689650159315,10.6,0.78233003616333,42.1477507112263,10.6,0.78233003616333,56.1484292557308,10.6
stead_event_00620,604501047,8,13.9,0.916658401489258,172.579440620833,7.97,0.734736859798431,22.1162685476572,13.63,0.734736859798431,32.7671069053662,13.63,0.734736859798431,43.662132104359,13.63
stead_event_00621,604501047,7,12.9,0.916682064533234,171.735414847119,6.97,0.735639095306396,22.0250437743515,12.63,0.735639095306396,32.6342695309279,12.63,0.735639095306396,43.4854246946536,12.63
stead_event_00622,604501047,5,10.9,0.936658442020416,212.745609343927,4.95,0.772673726081848,26.5031638457445,10.8,0.772673726081848,39.2043206360293,10.8,0.772673726081848,52.2300464929923,10.8
stead_event_00623,ci15237281,7,12.68,0.602303743362427,119.299977849305,7.26,0.810856401920319,44.5695097257427,12.63,0.810856401920319,66.7516591742724,12.63,0.810856401920319,88.923536991699,12.63
stead_event_00634,nn00253964,5,9.45,0.818554282188416,192.479984478295,4.99,0.902086675167084,23.7311619741475,9.47,0.902086675167084,35.4582784418727,9.47,0.902086675167084,47.269253372702,9.47
stead_event_00644,15809590,4,11.52,0.826537370681763,132.594923205952,4.09,0.721371412277222,15.3741537558025,11.61,0.721371412277222,22.9885652021047,11.61,0.721371412277222,30.649639756268,11.61
stead_event_00650,ak012a7hvq61,6,12.14,0.870695888996124,175.418901470551,6.01,0.723459959030151,21.1126628570107,12.08,0.723459959030151,31.4029529077771,12.08,0.723459959030151,41.8450819347028,12.08
stead_event_00661,606932485,9,15.1,0.919166028499603,193.293359567092,9.06,0.928284823894501,32.0444492885301,14.91,0.928284823894501,48.0157869406728,14.91,0.928284823894501,63.9917530991857,14.91
stead_event_00662,606932485,5,11.1,0.91981029510498,192.216361717417,5.06,0.9286168217659,31.6228523533015,10.91,0.9286168217659,47.3849528981389,10.91,0.9286168217659,63.1520588189086,10.91
stead_event_00663,606932485,4,10.1,0.91980904340744,192.18199662233,4.06,0.928622961044312,31.6021020857898,9.91,0.928622961044312,47.3539115508268,9.91,0.928622961044312,63.110739151774,9.91
stead_event_00678,13763978,7,13.1,0.806122183799744,196.340937045082,7.01,0.357773721218109,25.6778457120059,13.32,0.357773721218109,37.8450063565721,13.32,0.357773721218109,50.3006928216502,13.32
stead_event_00679,13548900,7,11.6,0.415208965539932,106.748578310706,7.74,0.788466513156891,30.8081077222624,11.52,0.788466513156891,46.0395027614967,11.52,0.788466513156891,61.326966007309,11.52
stead_event_00688,14757396,9,14.9,0.646225929260254,133.505004473004,8.98,0.354447931051254,14.434848166956,9.7,0.354447931051254,21.2899402873399,9.7,0.354447931051254,28.2779296824513,9.7
stead_event_00699,16021240,9,10.8,0.798571109771729,191.930202428225,8.96,0.929783582687378,44.7620924624265,11.04,0.929783582687378,67.1419407209444,11.04,0.929783582687378,89.4776163370281,11.04
stead_event_00718,602860175,5,11.3,0.590786218643188,151.01131840897,5.09,0.454010903835297,24.8406110405262,11.58,0.454010903835297,36.341354282023,11.58,0.454010903835297,48.3256285932855,11.58
stead_event_00719,602860175,4,10.3,0.590393662452698,154.217238123051,4.1,0.452412754297256,24.8012331765879,10.58,0.452412754297256,36.2677902937505,10.58,0.452412754297256,48.2281301849543,10.58
stead_event_00740,603779201,9,10.9,0.907995879650116,173.1437616012,8.93,0.848896205425262,34.9962056708434,11.01,0.848896205425262,52.5025020185118,11.01,0.848896205425262,69.9821512815035,11.01
stead_event_00741,603779201,5,6.9,0.908021509647369,183.270323397868,4.93,0.84847366809845,35.1775502545758,7.01,0.84847366809845,52.7739634554584,7.01,0.84847366809845,70.3435338262123,7.01
stead_event_00777,13398232,9,15.1,0.939385592937469,231.985229438444,9.04,0.186597526073456,14.9305117960873,15.31,0.186597526073456,22.3565753703343,15.31,0.186597526073456,29.7582445127243,15.31
stead_event_00786,14302803,5,10.76,0.945803344249725,234.857408294037,5.05,0.645083725452423,24.0372120888468,10.76,0.645083725452423,36.012705041653,10.76,0.645083725452423,47.999516792719,10.76
stead_event_00792,14752286,9,14.9,0.799975454807281,187.513601653016,8.95,0.737245559692383,20.7686049915023,15.35,0.737245559692383,31.1373954412509,15.35,0.737245559692383,41.5095042252949,15.35
stead_event_00798,14994606,6,9.6,0.775429368019104,167.235956454584,6.14,0.707338809967041,35.9031732699811,9.33,0.707338809967041,53.8423841851505,9.33,0.707338809967041,71.7466701418283,9.33
stead_event_00810,604650276,5,11.6,0.732131123542786,153.803922267187,4.94,0.903216004371643,31.8974891521506,11.72,0.903216004371643,47.8459674619386,11.72,0.903216004371643,63.7759577363525,11.72
stead_event_00811,605123511,9,10.9,0.857609868049622,202.492309691884,9.07,0.941796183586121,50.4734221751694,11.44,0.941796183586121,75.7147806032226,11.44,0.941796183586121,100.901164075885,11.44
stead_event_00812,7493998,9,12.84,0.867887318134308,184.050242992477,8.93,0.64622300863266,12.309170523832,12.89,0.64622300863266,16.8318309618121,12.89,0.64622300863266,22.2992971206952,12.89
stead_event_00813,10393297,6,9.3,0.958145380020142,250.056160369675,6.01,0.914938569068909,35.9068354484168,9.49,0.914938569068909,53.3913662496379,9.49,0.914938569068909,71.1323288996553,9.49
stead_event_00819,7417373,9,12.32,0.936287641525269,226.295038769841,8.98,0.726571559906006,24.2756146753584,19.59,0.726571559906006,36.3937377606399,19.59,0.726571559906006,48.5111849243547,19.59
stead_event_00823,8106673,5,11.13,0.809464633464813,179.639240068744,4.95,0.323878824710846,21.7808960593436,5.63,0.323878824710846,31.6875068778869,5.63,0.323878824710846,42.1691071071305,5.63
stead_event_00827,13900906,5,6.5,0.894022345542908,222.19382409369,5.02,0.724826812744141,46.5009931193947,6.5,0.724826812744141,69.7018363109424,6.5,0.724826812744141,92.844366367241,6.5
stead_event_00830,12085160,7,8.5,0.933487296104431,232.877403543633,6.98,0.859611034393311,30.9841371905278,8.46,0.859611034393311,46.4933794212939,8.46,0.859611034393311,61.9837521597364,8.46
stead_event_00833,16194199,4,6.11,0.794310331344604,188.955418287926,4.01,0.814844906330109,29.1641735021724,5.96,0.814844906330109,43.6915969973279,5.96,0.814844906330109,58.2407524899515,5.96
stead_event_00845,14836273,9,10.1,0.821388006210327,156.172981051097,8.94,0.661353945732117,37.1932967080493,10.33,0.661353945732117,55.7948399075391,10.33,0.661353945732117,74.3488789745246,10.33
stead_event_00868,12103389,4,5,0.670660495758057,156.148480704129,3.97,0.85540783405304,28.435353110733,4.94,0.85540783405304,42.6804382502203,4.94,0.85540783405304,56.904898628189,4.94
stead_event_00881,16194329,8,10,0.771014034748077,207.795856264476,8.02,0.802231013774872,30.6762312410465,10,0.802231013774872,46.0224057938508,10,0.802231013774872,61.3432488333893,10
stead_event_00900,16194358,5,5.9,0.746686458587646,147.185320795184,4.98,0.846040070056915,45.3204289734096,5.88,0.846040070056915,67.9904511967904,5.88,0.846040070056915,90.6062243614394,5.88
stead_event_00901,12582094,8,9.2,0.738179743289948,171.322020953389,7.97,0.636057555675507,26.810725364372,8.65,0.636057555675507,40.2253885026226,8.65,0.636057555675507,53.6154764201846,8.65
stead_event_00902,12582168,4,6.4,0.850641846656799,189.886020117534,4.04,0.284648507833481,27.3249727944013,6.31,0.284648507833481,40.9205678592042,6.31,0.284648507833481,54.4656589816825,6.31
stead_event_00903,12582171,7,9.2,0.925602316856384,225.551828104663,6.99,0.445998579263687,22.4710598810487,9.29,0.445998579263687,33.6898208320893,9.29,0.445998579263687,44.8832478330541,9.29
stead_event_00911,12583062,6,8.8,0.121428422629833,133.05015432411,6.16,0.599972188472748,32.8824024641586,9,0.599972188472748,48.8607905663624,9,0.599972188472748,64.9916092307736,9
stead_event_00919,12601066,6,9.73,0.534814119338989,133.208920160219,6.28,0.492173135280609,26.0866814602519,10.25,0.492173135280609,39.0713184146125,10.25,0.492173135280609,52.0390366383566,10.25
stead_event_00929,12692485,5,6.83,0.76449853181839,193.650164541471,5.56,0.497703969478607,40.9641577471654,7.57,0.497703969478607,60.9877637352203,7.57,0.497703969478607,81.1769313351344,7.57
stead_event_00933,12692694,7,8.6,0.951022088527679,241.180931302931,6.97,0.9156134724617,44.2874840554954,8.57,0.9156134724617,66.4332526321724,8.57,0.9156134724617,88.5387343574675,8.57
stead_event_00938,12747038,8,9.5,0.886032938957214,158.407677279861,2.68,0.87974351644516,45.9384525763236,9.53,0.87974351644516,68.5711809774842,9.53,0.87974351644516,91.3572740944947,9.53
stead_event_00945,12788581,5,6.3,0.8834627866745,170.788788936738,5,0.898494124412537,44.6407109958607,6.32,0.898494124412537,66.9671719858035,6.32,0.898494124412537,89.2259733732239,6.32
stead_event_00948,12821491,8,10.6,0.913978576660156,220.209911199863,8.03,0.718212425708771,40.9291827994886,10.56,0.718212425708771,61.3788422510732,10.56,0.718212425708771,81.767357691773,10.56
stead_event_00953,12869565,4,5.7,0.943646728992462,235.013535549362,4.25,0.952932000160217,44.9525760914195,5.67,0.952932000160217,67.4433021641781,5.67,0.952932000160217,89.8884558260736,5.67
stead_event_00959,13201583,4,5.3,0.960186064243317,263.311564223249,3.99,0.912924349308014,52.4520553907911,5.29,0.912924349308014,78.6737488769359,5.29,0.912924349308014,104.834026459887,5.29
stead_event_00985,13650641,5,9.7,0.602739930152893,113.64456472114,4.93,0.263385564088821,24.0995215486826,10.39,0.263385564088821,35.5118229241328,10.39,0.263385564088821,47.2231829659268,10.39
stead_event_00986,13930243,8,10.5,0.957085013389587,213.573025073908,8.02,0.472379088401794,22.428981293398,10.28,0.472379088401794,33.4026000993058,10.28,0.472379088401794,44.5143429972554,10.28
stead_event_01000,7312993,9,16.7,0.843989372253418,135.636637784124,8.95,0.65688681602478,23.4586477632266,16.71,0.65688681602478,35.195051744503,16.71,0.65688681602478,46.9143078454704,16.71
stead_event_01002,7377065,9,17.89,0.745717465877533,169.995637737237,9.02,0.52921998500824,35.6356657547696,17.91,0.52921998500824,53.2753761633312,17.91,0.52921998500824,70.9367361383028,17.91
stead_event_01010,7488829,5,12.6,0.870065629482269,173.692920421707,5.05,0.888121247291565,23.4826790690403,12.43,0.888121247291565,35.1316230023533,12.43,0.888121247291565,46.8349723510569,12.43
stead_event_01011,7382130,8,14.7,0.77322393655777,184.087985465847,7.98,0.604911088943481,17.115901670037,14.91,0.604911088943481,25.6472029900406,14.91,0.604911088943481,34.1895860612288,14.91
stead_event_01016,8184875,6,12.8,0.836697280406952,146.961717358838,5.98,0.917119741439819,30.6128240450362,12.71,0.917119741439819,45.8893143289196,12.71,0.917119741439819,61.1688029440942,12.71
stead_event_01022,10612251,4,11.2,0.859115064144135,191.962653934526,4.07,0.408347278833389,20.0838161124553,10.48,0.408347278833389,30.0682809554978,10.48,0.408347278833389,40.0578841779384,10.48
stead_event_01040,11937537,5,11.3,0.941961944103241,237.0748986846,4.74,0.79063618183136,19.7995114831363,11.28,0.79063618183136,29.6465089769341,11.28,0.79063618183136,39.513879279075,11.28
stead_event_01042,12663205,7,14.1,0.939150929450989,230.3905336532,7.16,0.823790967464447,30.3708739319187,14.28,0.823790967464447,45.4964945289975,14.28,0.823790967464447,60.6273192652223,14.28
stead_event_01052,13236885,4,11.2,0.863881826400757,151.741584233782,4,0.616188764572144,19.2037753628647,11.46,0.616188764572144,28.5394050659644,11.46,0.616188764572144,38.0294646104716,11.46
stead_event_01055,13239536,7,17.7,0.523329317569733,200.944810851784,6.96,0.885596215724945,21.990639923643,7.24,0.885596215724945,32.95253660163,7.24,0.885596215724945,43.9359144322758,7.24
stead_event_01059,13257502,6,15.2,0.848578453063965,167.938494886037,5.84,0.504953503608704,19.3534305041276,10.87,0.504953503608704,28.8269274382584,10.87,0.504953503608704,38.4150210992492,10.87
stead_event_01061,13271290,6,11.1,0.809381067752838,153.390045419574,5.79,0.495835989713669,16.0152749334059,15.48,0.495835989713669,23.9297787642043,15.48,0.495835989713669,31.8949296216361,15.48
stead_event_01081,13568046,4,10.7,0.891400873661041,173.704928585481,3.96,0.541246950626373,23.1062920568852,10.83,0.541246950626373,34.6432601321794,10.83,0.541246950626373,46.1671346734557,10.83
stead_event_01091,13882077,5,11.3,0.947130918502808,233.047982136136,4.94,0.757012188434601,26.9626443008383,11.29,0.757012188434601,40.3760271897118,11.29,0.757012188434601,53.8065655244984,11.29
stead_event_01096,15003373,9,12.5,0.69425493478775,137.708528988846,8.89,0.501315295696259,16.8828448402251,13.21,0.501315295696259,25.2494191868729,13.21,0.501315295696259,33.6544892956231,13.21
stead_event_01097,14619881,5,11.4,0.931388676166534,229.953690029241,4.92,0.859065532684326,29.18444669181,11.36,0.859065532684326,43.5547838976994,11.36,0.859065532684326,58.0252064209886,11.36
stead_event_01098,15003688,6,13.7,0.918279588222504,165.235157212272,6.09,0.791535973548889,22.7742887018452,13.38,0.791535973548889,34.1561753607958,13.38,0.791535973548889,45.5359379074273,13.38
stead_event_01111,15975350,9,16.3,0.926306009292603,214.848868701893,9.03,0.694612801074982,18.8510884372182,16.69,0.694612801074982,28.0660145164771,16.69,0.694612801074982,37.3986367945914,16.69
stead_event_01116,16017320,8,15.93,0.842617869377136,179.347821584733,8.05,0.684721708297729,24.5011509026087,16,0.684721708297729,36.3339585181,16,0.684721708297729,48.4169109869735,16
stead_event_01137,601792378,9,13.3,0.917848467826843,220.267415128004,8.89,0.513173818588257,27.6563933463992,13.31,0.513173818588257,41.0708841625026,13.31,0.513173818588257,54.6841965830867,13.31
stead_event_01150,603982656,6,10.7,0.943754374980927,228.158516967783,5.87,0.903853595256805,41.997752714429,10.38,0.903853595256805,62.589013719707,10.38,0.903853595256805,83.373584022056,10.38
stead_event_01157,603986831,6,11.4,0.923743605613708,206.940914748542,5.53,0.670513153076172,28.7187204956582,10.31,0.670513153076172,42.1888931098646,10.31,0.670513153076172,56.1077595422493,10.31
stead_event_01162,606442386,4,9.5,0.930389940738678,224.885583858598,3.93,0.805839955806732,25.3746967676609,9.92,0.805839955806732,25.7035208501949,9.92,0.805839955806732,30.3376488730622,9.92
stead_event_01163,606444533,9,11.8,0.857324719429016,195.622834741296,8.71,0.4745192527771,29.8996599696167,11.92,0.4745192527771,44.0601945535988,11.92,0.4745192527771,58.4859055884195,11.92
stead_event_01173,15899135,4,8.61,0.934220433235168,213.768494863523,3.93,0.824798822402954,39.51874771366,8.72,0.824798822402954,59.2804955338294,8.72,0.824798822402954,78.9920136280603,8.72
stead_event_01174,15903282,4,9.64,0.946655333042145,214.782710727082,4,0.590324521064758,30.0802901471012,9.89,0.590324521064758,45.0984579650393,9.89,0.590324521064758,60.073871906439,9.89
stead_event_01178,600013212,4,8.77,0.0674435347318649,113.992528764123,37.05,0.00427004229277372,18.2927857799394,52.12,0.00427004229277372,19.139239877928,52.12,0.00427004229277372,19.139239877928,52.12
stead_event_01189,600205341,6,11.2,0.802035510540009,185.788884556929,1,0.677392244338989,10.4195530353403,11.03,0.677392244338989,13.3038069630586,11.03,0.677392244338989,17.5172755238696,11.03
stead_event_01190,600661370,2.37,8.27,0.932914197444916,236.038974261761,2.37,0.932255029678345,28.2964810464877,8.25,0.932255029678345,42.1625166128028,8.25,0.932255029678345,56.1827171720291,8.25
stead_event_01191,600676076,9,11.3,0.76407378911972,167.612670613631,8.9,0.832122504711151,34.9382150222977,11.64,0.832122504711151,52.4138407580777,11.64,0.832122504711151,69.8557588648898,11.64
stead_event_01192,600676076,6,8.3,0.764022648334503,172.903694015893,5.9,0.833666205406189,34.8455878313426,8.64,0.833666205406189,52.2751345888239,8.64,0.833666205406189,69.6712142108782,8.64
stead_event_01193,601231538,9,11.7,0.933333575725555,232.280452345846,8.91,0.894446849822998,30.2042632220635,11.91,0.894446849822998,45.3169865295779,11.91,0.894446849822998,60.4131344368532,11.91
stead_event_01209,601769282,6,11,0.854147732257843,136.362722877623,5.67,0.817033648490906,20.9935035523208,10.84,0.817033648490906,30.7691118432591,10.84,0.817033648490906,40.7088497689124,10.84
stead_event_01210,601769282,4,9,0.854159474372864,141.084670988502,3.67,0.816283643245697,20.8278524479537,8.84,0.816283643245697,30.5155210068521,8.84,0.816283643245697,40.3729680267295,8.84
stead_event_01243,604725260,5,8.2,0.93094927072525,224.365403274899,4.89,0.693793535232544,33.7759646127882,8.45,0.693793535232544,50.2786995764751,8.45,0.693793535232544,66.9552607966235,8.45
stead_event_01244,605672667,6,11.1,0.936716258525848,168.473638406993,6.23,0.852721095085144,18.9105538618261,11.57,0.852721095085144,28.0102197460073,11.57,0.852721095085144,36.9583314709236,11.57
stead_event_01245,607719471,9,12.9,0.902003645896912,223.82079194632,9.03,0.860938012599945,26.9130894323001,12.8,0.860938012599945,40.3746987183226,12.8,0.860938012599945,53.8206545013502,12.8
stead_event_01246,607719471,5,8.9,0.903532087802887,231.642956919002,5.04,0.861026465892792,26.8657859990362,8.8,0.861026465892792,40.3036902183222,8.8,0.861026465892792,53.7260485705494,8.8
stead_event_01247,ci14938052,6,10.97,0.908994138240814,217.585578482075,6,0.848010241985321,12.7506857573589,10.95,0.848010241985321,19.1141042300006,10.95,0.848010241985321,25.4887478506062,10.95
stead_event_01248,ci14981444,7,12.38,0.890805065631866,124.943753869785,6.97,0.707647025585175,16.5654587009632,12.37,0.707647025585175,24.7710961091891,12.37,0.707647025585175,33.0019841887052,12.37
stead_event_01273,12636051,6,11.5,0.90836489200592,197.370777734941,6.07,0.658059656620026,15.8839969182091,11.7,0.658059656620026,23.8329501213156,11.7,0.658059656620026,31.7775480486106,11.7
stead_event_01278,16867667,7,10.5,0.878839075565338,189.897126565222,7.06,0.833492457866669,38.1661423389698,10.74,0.833492457866669,57.2393967218684,10.74,0.833492457866669,76.287700904953,10.74
stead_event_01310,608588544,5,9,0.529282331466675,164.316462547827,5.16,0.541374683380127,17.0690618428167,9.36,0.541374683380127,25.6033811510566,9.36,0.541374683380127,34.128489588646,9.36
stead_event_01311,608588544,4,8,0.529182732105255,160.496591231141,4.16,0.545954048633575,16.8392752482216,8.36,0.545954048633575,25.2594518858681,8.36,0.545954048633575,33.6707217206946,8.36
stead_event_01318,603499336,7,11.8,0.766811907291412,192.275185900161,6.95,0.739403486251831,19.6323851523927,11.82,0.739403486251831,29.4645906181998,11.82,0.739403486251831,39.285524268672,11.82
stead_event_01319,603499336,4,8.8,0.730848789215088,197.499084408893,3.95,0.736761152744293,19.8073147819765,8.82,0.736761152744293,29.7267844207879,8.82,0.736761152744293,39.6348290538796,8.82
stead_event_01325,603335569,7,11.5,0.782869458198547,183.617692010829,7.08,0.749758124351501,23.4676521924537,11.76,0.749758124351501,35.2140667838635,11.76,0.749758124351501,46.9427978551742,11.76
stead_event_01326,603335569,4,8.5,0.78288209438324,186.405872278548,4.08,0.747168183326721,23.5506018919515,8.76,0.747168183326721,35.3384075717817,8.76,0.747168183326721,47.1089328479718,8.76
stead_event_01333,603337785,6,10.3,0.406234949827194,139.103138789777,6.01,0.719840466976166,20.6908824723998,10.53,0.719840466976166,30.975297433691,10.53,0.719840466976166,41.1691487820488,10.53
stead_event_01334,603337785,4,8.3,0.402018845081329,143.730365212,4.01,0.71916264295578,20.7596825345397,8.53,0.71916264295578,31.0777311357503,8.53,0.71916264295578,41.3146199368599,8.53
stead_event_01340,603758707,7,12.02,0.805067121982574,212.83839402561,6.97,0.742243766784668,15.5158313231787,12.23,0.742243766784668,23.2664237812814,12.23,0.742243766784668,31.0241421011581,12.23
stead_event_01341,603758707,4,9.02,0.800312340259552,214.722758014197,3.97,0.737020611763,15.7758561670448,9.23,0.737020611763,23.6553100860903,9.23,0.737020611763,31.542203004674,9.23
stead_event_01342,609059607,8,11.8,0.710769712924957,193.92537590363,8.12,0.660548269748688,20.1763903061878,12.58,0.660548269748688,30.1412424869289,12.58,0.660548269748688,40.1772196789387,12.58
stead_event_01343,609059607,5,8.8,0.707135796546936,210.018745623816,5.12,0.652561545372009,20.5568233857317,9.58,0.652561545372009,30.7029285799669,9.58,0.652561545372009,40.9246426212101,9.58
stead_event_01345,603809489,7,11.1,0.46687838435173,101.019149923447,6.95,0.769952237606049,20.4041379756857,11.37,0.769952237606049,30.6120757944001,11.37,0.769952237606049,40.8086004935036,11.37
stead_event_01346,603809489,4,8.1,0.453986644744873,101.282683079581,3.95,0.768785178661346,20.6170542941604,8.37,0.768785178661346,30.9310308862939,8.37,0.768785178661346,41.2347179091786,8.37
stead_event_01352,13478675,8,13.69,0.664470911026001,132.033442813117,7.94,0.629147529602051,17.4023012889013,13.73,0.629147529602051,25.9830471193567,13.73,0.629147529602051,34.6336175994167,13.73
stead_event_01357,13944474,6,7.8,0.784600555896759,216.098537947741,5.99,0.899828314781189,32.017403872259,7.87,0.899828314781189,48.0172239177404,7.87,0.899828314781189,64.0053665733873,7.87
stead_event_01361,603374462,7,12.97,0.863659501075745,195.419333055342,7.22,0.525028765201569,29.5323248734981,13.25,0.525028765201569,44.0363437037978,13.25,0.525028765201569,58.6443171317964,13.25
stead_event_01362,604085163,6,11.5,0.571469843387604,87.871530094719,6.09,0.754360795021057,21.3019760134481,11.61,0.754360795021057,31.6950281543267,11.61,0.754360795021057,42.2456652717347,11.61
stead_event_01363,606843620,8,12.68,0.806374251842499,177.282932253144,8.07,0.697397410869598,18.4140197571224,12.73,0.697397410869598,27.4718112511087,12.73,0.697397410869598,36.620175793587,12.73
stead_event_01364,606843620,6,10.68,0.803443312644958,176.452925208392,6.07,0.699502825737,18.1146186257489,10.73,0.699502825737,27.0287029786456,10.73,0.699502825737,36.0299803796281,10.73
stead_event_01365,606843620,5,9.68,0.802469849586487,176.712847071212,5.07,0.698955118656158,18.1860368679168,9.73,0.698955118656158,27.1343569312683,9.73,0.698955118656158,36.1707295701189,9.73
stead_event_01366,606843620,4,8.68,0.803666770458221,176.456148909887,4.07,0.700221419334412,18.007966006347,8.73,0.700221419334412,26.8708057279256,8.73,0.700221419334412,35.819685452781,8.73
stead_event_01374,601815418,8,11.15,0.920995950698853,213.540567588244,8.11,0.93887996673584,28.2338362317072,11.55,0.93887996673584,42.2761408888432,11.55,0.93887996673584,56.3551639739196,11.55
stead_event_01375,601815418,5,8.15,0.921220362186432,214.243878148031,5.11,0.938829958438873,28.399734213502,8.55,0.938829958438873,42.5237892301939,8.55,0.938829958438873,56.6853889655487,8.55
stead_event_01385,13377213,9,14.6,0.710892856121063,129.519929366082,8.96,0.735400199890137,12.6685235286312,14.34,0.735400199890137,18.8339800939247,14.34,0.735400199890137,25.0538030451665,14.34
stead_event_01401,ak011e8zl4ea,7.07,14.45,0.874996423721313,182.137213025267,7.07,0.951453983783722,23.1569155727293,14.43,0.951453983783722,34.6831513132366,14.43,0.951453983783722,46.2327262031332,14.43
stead_event_01421,605643489,9,27.92,0.631413519382477,116.50667788502,9.11,0.857240974903107,28.6530366458429,28.11,0.857240974903107,40.0040358987357,28.11,0.857240974903107,53.0876185518125,28.11
stead_event_01432,603928538,6,17.39,0.909177184104919,218.376619852198,5.95,0.87091851234436,20.9876291461175,17.39,0.87091851234436,29.6902916431439,17.39,0.87091851234436,39.4531092490164,17.39
stead_event_01433,603928538,4,15.39,0.909470856189728,218.12477461473,3.95,0.870965301990509,20.7643018713509,15.39,0.870965301990509,29.3410390673655,15.39,0.870965301990509,38.9867209075491,15.39
stead_event_01437,604030796,7,18.75,0.91871041059494,221.842521710737,6.96,0.77856308221817,14.5283691093828,18.69,0.77856308221817,20.1917019470371,18.69,0.77856308221817,26.8546738883388,18.69
stead_event_01442,604108432,8,22.23,0.886713624000549,216.621115516091,7.99,0.667066156864166,18.7521558571677,22.15,0.667066156864166,19.4274410012043,22.15,0.667066156864166,25.6874661501803,22.15
stead_event_01443,604108432,4,18.23,0.88729327917099,216.877044499255,4,0.666977763175964,18.292746116395,18.15,0.666977763175964,18.9093577168607,18.15,0.666977763175964,25.0028889693501,18.15
stead_event_01447,605146312,5,19.05,0.711203336715698,136.270104920971,5.01,0.749877572059631,31.9701361903039,19.36,0.749877572059631,41.6633765793496,19.36,0.749877572059631,51.3141304744225,19.36
stead_event_01454,ak16669887,7,18.39,0.35846620798111,177.522653110593,7.41,0.769119918346405,15.8305345774037,18.52,0.769119918346405,20.1318293903706,18.52,0.769119918346405,23.1587095963753,18.52
stead_event_01462,ak19111454,7,17.92,0.603828847408295,155.590927938008,7.1,0.779402136802673,10.3264054784453,18.01,0.779402136802673,14.717558837277,18.01,0.779402136802673,19.5500735426847,18.01
stead_event_01473,14628624,4,14.06,0.945719003677368,225.377523113407,4.02,0.271157681941986,23.2914796783803,10.67,0.271157681941986,28.167882928761,10.67,0.271157681941986,34.3939914718964,10.67
stead_event_01493,ak0124x58sv7,9,21.44,0.925390839576721,219.531758489971,9.03,0.805186092853546,36.639931069865,21.51,0.805186092853546,54.6182459950927,21.51,0.805186092853546,72.4262543618643,21.51
stead_event_01495,601032288,9,17.37,0.684707820415497,119.589451015108,9,0.121956095099449,8.7519512286225,10.22,0.125359669327736,10.0963989867295,33.5,0.125359669327736,11.9517813229871,33.5
stead_event_01496,601032288,6,13.88,0.699730217456818,123.570938266845,6.01,0.126525521278381,9.00658358438484,14.48,0.141087412834167,10.9741491388247,30.49,0.141087412834167,12.9198540618834,30.49
stead_event_01504,603334673,7,16.29,0.945754408836365,227.699456597602,6.96,0.35958731174469,20.9792443450765,16.47,0.35958731174469,29.1836575904516,16.47,0.35958731174469,38.2915555530853,16.47
stead_event_01505,603334673,6,15.29,0.944769024848938,227.936154679326,5.96,0.35982272028923,21.0691925725601,15.47,0.35982272028923,29.3067548061927,15.47,0.35982272028923,38.443773192355,15.47
stead_event_01508,607262661,5,7.29,0.93322765827179,212.483352692118,5.01,0.928026795387268,26.0009242470226,7.3,0.928026795387268,38.8369530289376,7.3,0.928026795387268,51.7595549139597,7.3
stead_event_01509,15635859,9,21.33,0.185809895396233,109.575206875288,8.65,0.856677532196045,6.74930922884553,21.35,0.856677532196045,6.85245609928994,21.35,0.856677532196045,7.82260379325963,21.35
stead_event_01513,601712537,5,16.5,0.91655445098877,171.215062521571,4.97,0.707312166690826,26.168582917421,16.46,0.707312166690826,38.6304174285255,16.46,0.707312166690826,51.4436319383809,16.46
stead_event_01514,601712537,4,15.5,0.916576206684113,172.774311334878,3.97,0.707561671733856,26.203207953184,15.46,0.707561671733856,38.6800710224446,15.46,0.707561671733856,51.5096760013514,15.46
stead_event_01519,602854337,8,21.1,0.816737353801727,132.31010537043,8.15,0.803706884384155,18.2243463561831,21.03,0.803706884384155,24.7937021348533,21.03,0.803706884384155,32.4891328779549,21.03
stead_event_01520,602854337,7,20.1,0.817938029766083,132.194380905556,7.15,0.803353369235992,18.1099162733049,20.03,0.803353369235992,24.6031912131288,20.03,0.803353369235992,32.2365761479159,20.03
stead_event_01526,603334673,8,18.34,0.927119195461273,199.565571927003,8,0.526162385940552,16.6680483263719,18.51,0.526162385940552,21.524554089436,18.51,0.526162385940552,28.5425396245921,18.51
stead_event_01527,603334673,7,17.34,0.927241444587708,200.021067605323,7,0.527295231819153,16.5721977482351,17.51,0.527295231819153,21.3860151960741,17.51,0.527295231819153,28.360141330522,17.51
stead_event_01534,ak10824177,5,18.17,0.93330854177475,216.300202738693,5,0.889806389808655,19.8498419024267,18.21,0.889806389808655,28.2378028326694,18.21,0.889806389808655,37.3891466508928,18.21
stead_event_01539,604030796,9,20.67,0.945779979228973,218.801665156853,8.92,0.911502063274384,30.6674509713709,20.67,0.911502063274384,44.7928027243095,20.67,0.911502063274384,59.4003133158121,20.67
stead_event_01543,ak16834332,5,15.62,0.493807852268219,141.278141131844,5.13,0.88216507434845,10.190399969944,15.56,0.88216507434845,13.4841368710119,15.56,0.88216507434845,17.8482005307872,15.56
stead_event_01552,ak19111454,4,15.13,0.776077151298523,192.773277528322,3.96,0.671376585960388,12.7819852640025,15.38,0.671376585960388,17.3965726544464,15.38,0.671376585960388,23.0251042003201,15.38
stead_event_01558,603928538,5,16.43,0.824254333972931,129.501234064044,5.06,0.78899210691452,21.9289345157073,16.49,0.78899210691452,29.8178308259707,16.49,0.78899210691452,39.3673024277726,16.49
stead_event_01559,603928538,4,15.45,0.827025055885315,130.092658578661,4.06,0.789030253887177,21.8334997561519,15.49,0.789030253887177,29.6755074712473,15.49,0.789030253887177,39.1780445198141,15.49
stead_event_01563,604030796,7,19.12,0.93123471736908,216.937826057145,7.01,0.557473182678223,17.286897255936,18.6,0.557473182678223,20.6956623670982,18.6,0.557473182678223,26.9772270622538,18.6
stead_event_01575,ak17211585,5,16.44,0.952710270881653,220.727762375497,4.99,0.894759476184845,38.2880610229269,16.46,0.894759476184845,56.6964120633503,16.46,0.894759476184845,75.3272978999165,16.46
stead_event_01595,uw61045737,6,8.3,0.955430388450623,249.166865879887,5.99,0.872761487960815,33.5512794448056,8.29,0.872761487960815,49.5044140506409,8.29,0.872761487960815,65.9618411883791,8.29
stead_event_01602,nc71790466,6,10.23,0.949745059013367,228.463241025471,5.99,0.930482923984528,44.6079060617547,10.28,0.930482923984528,66.9196360232826,10.28,0.930482923984528,89.1918877942123,10.28
stead_event_01626,nc71938025,9,14.01,0.969349026679993,254.626205695898,9.02,0.955454885959625,22.6383854323958,13.98,0.955454885959625,33.3559270534796,13.98,0.955454885959625,44.4819705069403,13.98
stead_event_01636,nc71980360,5,10.7,0.898184061050415,219.861651543406,5.04,0.942707240581512,44.2502358283205,10.69,0.942707240581512,66.3905257670276,10.69,0.942707240581512,88.4852293604227,10.69
stead_event_01637,nc71980370,7,12.56,0.946048140525818,255.275439926272,6.99,0.870842576026917,38.2851902350917,12.57,0.870842576026917,57.4427260378135,12.57,0.870842576026917,76.5663084663675,12.57
stead_event_01638,nc71980370,5,10.56,0.948352694511414,256.211159662867,5,0.869114220142365,37.9295874020723,10.7,0.869114220142365,56.9096443297675,10.7,0.869114220142365,75.8562117905274,10.7
stead_event_01652,nc72040786,8,11.49,0.954095482826233,235.184660818611,7.97,0.95191615819931,35.9269380555868,11.48,0.95191615819931,53.9034525561871,11.48,0.95191615819931,71.8449020017235,11.48
stead_event_01654,nc72052081,9,13.16,0.950455069541931,241.3896130433,9.02,0.922263085842133,37.1280693707929,13.19,0.922263085842133,55.6205233648111,13.19,0.922263085842133,74.1213006057505,13.19
stead_event_01659,nc72066376,8,13.28,0.936838269233704,244.635838322152,8.01,0.939898133277893,49.7153185005147,13.25,0.939898133277893,74.5706114103296,13.25,0.939898133277893,99.3721370423456,13.25
stead_event_01676,nc72134626,5,11.3,0.946289241313934,238.527890001254,5.01,0.694779753684998,45.4368192297272,11.27,0.694779753684998,68.1271711139305,11.27,0.694779753684998,90.7494985143298,11.27
stead_event_01695,nc72516481,4,9.23,0.961000144481659,233.499347653405,4,0.946511209011078,45.89422944206,9.24,0.946511209011078,68.8204481901512,9.24,0.946511209011078,91.6888915581761,9.24
stead_event_01701,nc71790466,6,11.82,0.959966778755188,255.243828850097,5.99,0.901491940021515,37.3205720480051,11.96,0.901491940021515,55.9999895174417,11.96,0.901491940021515,74.6490935642861,11.96
stead_event_01709,nc71829596,6,9.9,0.953041970729828,235.814049235084,5.98,0.97392612695694,44.0947474989111,9.85,0.97392612695694,66.135048223611,9.85,0.97392612695694,88.1428684002451,9.85
stead_event_01728,nc71919551,9,11.88,0.972499430179596,263.056119934078,8.98,0.95734441280365,35.816819313441,11.85,0.95734441280365,53.7285291156764,11.85,0.95734441280365,71.6168287983052,11.85
stead_event_01744,nc71980360,9,10.79,0.893837332725525,191.635432897936,9.02,0.957401037216187,46.7886653306435,11.12,0.957401037216187,70.2044622407589,11.12,0.957401037216187,93.5686916719772,11.12
stead_event_01745,nc71980370,5,7.02,0.952242851257324,261.707401303722,5.01,0.955637812614441,44.0284750631351,6.99,0.955637812614441,66.0673668654828,6.99,0.955637812614441,88.0608535110906,6.99
stead_event_01766,nc72040786,6,10.82,0.953921258449554,255.02142632767,5.98,0.915121912956238,35.4813677692859,10.89,0.915121912956238,53.2351778439041,10.89,0.915121912956238,70.9631311896244,10.89
stead_event_01775,nc72063466,6,11.49,0.956823468208313,248.54929884556,5.96,0.944159388542175,38.3874574368503,11.41,0.944159388542175,57.5892238076446,11.41,0.944159388542175,76.7631733893763,11.41
stead_event_01777,nc72066376,7,10.29,0.919375360012054,228.438993016096,7.02,0.902892172336578,28.6822144224332,10.34,0.902892172336578,43.0281213074781,10.34,0.902892172336578,57.3636807737336,10.34
stead_event_01785,nc72104256,7,12.24,0.953839659690857,240.152474848889,6.99,0.944283545017242,39.6590635986649,12.14,0.944283545017242,59.5108906079695,12.14,0.944283545017242,79.3265691015174,12.14
stead_event_01798,nc72134626,9,12.64,0.888070821762085,240.367442754253,9.01,0.967389762401581,45.9668458765275,12.61,0.967389762401581,68.9523727291908,12.61,0.967389762401581,91.8952790228916,12.61
stead_event_01799,nc72135571,8,12.39,0.930928528308868,236.055419497171,8,0.794617831707001,25.5248087732813,13.02,0.794617831707001,38.296499389572,13.02,0.794617831707001,51.0545774430978,13.02
stead_event_01807,nc72177611,8,11.11,0.913106083869934,232.222591088134,7.99,0.885285615921021,40.8136074961939,11.13,0.885285615921021,61.2145305930404,11.13,0.885285615921021,81.5727038256493,11.13
stead_event_01831,nc72388026,7,11.61,0.871860086917877,204.144513663991,7.02,0.872516214847565,24.4209709711562,12.06,0.872516214847565,36.6471252321412,12.06,0.872516214847565,48.8580878955447,12.06
stead_event_01833,nc72516481,8,12.05,0.968691408634186,247.808022750308,7.99,0.971824467182159,29.7068178186542,12.07,0.971824467182159,44.5861230007029,12.07,0.971824467182159,59.4455448743288,12.07
stead_event_01838,nc71790466,6,12.21,0.957305192947388,233.952693700022,5.98,0.965164005756378,52.4912208597409,12.22,0.965164005756378,78.7293598218711,12.22,0.965164005756378,104.915134270544,12.22
stead_event_01841,nc71829596,8,12.85,0.927304625511169,245.063808639859,7.99,0.920850157737732,42.0320379529254,12.82,0.920850157737732,63.0485278175289,12.82,0.920850157737732,84.0283086191828,12.82
stead_event_01865,nc71980360,6,9.51,0.914303064346313,237.171015968955,6,0.942955672740936,45.9887371075611,9.56,0.942955672740936,69.0080941481047,9.56,0.942955672740936,91.9758568414356,9.56
stead_event_01866,nc71980370,8,11.35,0.958425760269165,254.635339779098,7.99,0.939585268497467,43.6905520699887,11.36,0.939585268497467,65.5573759405691,11.36,0.939585268497467,87.3798255185107,11.36
stead_event_01867,nc71980370,6,9.35,0.952549278736115,248.541253097244,5.99,0.939853608608246,44.0642561213755,9.33,0.939853608608246,66.1177814098806,9.33,0.939853608608246,88.1260473807145,9.33
stead_event_01885,nc72040786,4,8.25,0.952768683433533,270.372672554112,4,0.947687983512878,42.304721565461,8.21,0.947687983512878,63.4580617229798,8.21,0.947687983512878,84.5764263483235,8.21
stead_event_01890,nc72052081,10,14.05,0.954060971736908,255.81051403066,9.98,0.956936419010162,43.8363411212615,14.06,0.956936419010162,65.7817505986467,14.06,0.956936419010162,87.6814828475492,14.06
stead_event_01895,nc72063466,8,14.65,0.964042365550995,262.738228069028,7.97,0.958620727062225,47.3079828157614,14.55,0.958620727062225,70.966659179303,14.55,0.958620727062225,94.5795850608864,14.55
stead_event_01897,nc72066376,5,8.63,0.893534481525421,225.164851587901,5.01,0.915971398353577,31.8075799214172,8.89,0.915971398353577,47.7409190350481,8.89,0.915971398353577,63.6498628549903,8.89
stead_event_01907,nc72104256,8,14.21,0.951194167137146,250.395892504424,7.99,0.965944766998291,50.4015587799515,14.21,0.965944766998291,75.6086614855574,14.21,0.965944766998291,100.761939533135,14.21
stead_event_01919,nc72134626,9,13.45,0.921918272972107,241.212638268304,9.02,0.941712260246277,48.3047093261932,13.53,0.941712260246277,72.4662411354792,13.53,0.941712260246277,96.5750457865772,13.53
stead_event_01920,nc72135571,7,12.29,0.851026892662048,200.801937608598,6.83,0.926484763622284,35.5054534245459,12.33,0.926484763622284,53.2642133399077,12.33,0.926484763622284,71.0018216388836,12.33
stead_event_01926,nc72177611,9,13.66,0.911940634250641,210.329400523195,9.04,0.70839935541153,31.8564497185368,14.14,0.70839935541153,47.7212157266229,14.14,0.70839935541153,63.584174786623,14.14
stead_event_01931,nc72184436,9,15.06,0.926657855510712,210.972573811703,9.02,0.927817344665527,37.3259420497687,15.03,0.927817344665527,55.9892731795686,15.03,0.927817344665527,74.6301099472252,15.03
stead_event_01950,nc71790466,5,11.79,0.950350165367126,240.270574173314,5.02,0.908739507198334,37.6758289817207,11.87,0.908739507198334,56.5212076562444,11.87,0.908739507198334,75.3373341399231,11.87
stead_event_01961,nc71980360,9,16.6,0.899210095405579,227.021781712853,9.04,0.616228580474854,39.1692406043185,17.17,0.616228580474854,58.7234179978717,17.17,0.616228580474854,78.2294236315638,17.17
stead_event_01963,nc72040786,9,13.15,0.965292513370514,247.117335594536,8.97,0.957876920700073,52.4375158319643,13.17,0.957876920700073,78.6572902851225,13.17,0.957876920700073,104.81957056637,13.17
stead_event_01966,nc72052081,8,13.27,0.927584111690521,240.338409131702,8,0.865083992481232,34.8300259896362,13.24,0.865083992481232,52.255806278327,13.24,0.865083992481232,69.6582445180767,13.24
stead_event_01969,nc72066376,5,11.47,0.840247988700867,239.755536259246,5,0.759582161903381,26.928832866854,11.8,0.759582161903381,40.4082939560587,11.8,0.759582161903381,53.8712528976356,11.8
stead_event_01979,nc72516481,5,11.79,0.960332930088043,228.058330506286,5,0.928410232067108,38.1939344200586,11.75,0.928410232067108,57.2881173985945,11.75,0.928410232067108,76.2948133190123,11.75
stead_event_01981,10395575,5,12.61,0.70866471529007,148.188408770117,4.99,0.705880761146545,25.9762050446119,12.77,0.705880761146545,38.369715894432,12.77,0.705880761146545,51.1322015360334,12.77
stead_event_01986,nc71777145,9,11.76,0.953731775283813,232.246315631119,9,0.900097370147705,42.7657828250254,11.73,0.900097370147705,64.1671148275738,11.73,0.900097370147705,85.5252479863568,11.73
stead_event_01995,nc71892581,5,9.77,0.931440711021423,213.230346226146,4.99,0.705575525760651,17.0017999632346,9.94,0.705575525760651,25.2554544531765,9.94,0.705575525760651,33.6719058264617,9.94
stead_event_01997,nc71924146,8,11.97,0.954203903675079,240.781438559235,8.01,0.770677804946899,19.9048609432352,11.98,0.770677804946899,29.8051287025889,11.98,0.770677804946899,39.7393051144862,11.98
stead_event_02004,nc72002806,8,11.89,0.95463901758194,243.540337615048,8.01,0.859371781349182,29.5785593773216,11.96,0.859371781349182,44.3802062440373,11.96,0.859371781349182,59.1653340284635,11.96
stead_event_02012,nc72121000,10,11.03,0.937195599079132,237.105133594737,9.99,0.954499125480652,48.9063582977335,11.07,0.954499125480652,73.3815304770787,11.07,0.954499125480652,97.7990326190416,11.07
stead_event_02013,nc72121355,5,6.12,0.949167966842651,245.759878221778,4.99,0.918235957622528,51.3374384365947,6.06,0.918235957622528,77.0211669077279,6.06,0.918235957622528,102.639002997622,6.06
stead_event_02014,nc72121360,7,8.13,0.951659142971039,257.427651752324,7,0.91747373342514,52.937924374148,8.05,0.91747373342514,79.4178531162088,8.05,0.91747373342514,105.82823513289,8.05
stead_event_02018,nc72247896,5,8.54,0.973869502544403,254.844244478078,4.99,0.528185963630676,24.0118977705228,8.45,0.528185963630676,35.7895141066433,8.45,0.528185963630676,47.686685695053,8.45
stead_event_02020,12773944,4,11.42,0.919699966907501,207.202991631215,3.98,0.804707705974579,34.0443226468717,11.46,0.804707705974579,51.0297646106002,11.46,0.804707705974579,67.9974552431589,11.46
stead_event_02021,nc71531400,8,12.99,0.943121910095215,226.661434385333,7.97,0.725347518920898,13.034066456573,12.98,0.725347518920898,19.4872086021555,12.98,0.725347518920898,25.9859770556924,12.98
stead_event_02025,nc71777145,5,7.36,0.952454447746277,220.653429353417,4.99,0.916432023048401,37.3362614541229,7.35,0.916432023048401,56.0171548449731,7.35,0.916432023048401,74.6711349069753,7.35
stead_event_02026,nc71795781,5,9.81,0.940182685852051,226.633914812238,4.99,0.926874816417694,22.9494415926851,9.78,0.926874816417694,34.4299744961053,9.78,0.926874816417694,45.9027996873832,9.78
stead_event_02038,nc71892581,7,10.65,0.923405170440674,206.896714736006,7,0.603427410125732,29.7362900570068,10.62,0.603427410125732,43.6619965582373,10.62,0.603427410125732,58.154098718339,10.62
stead_event_02043,nc71924146,6,8.83,0.94557112455368,206.567426620197,5.99,0.70423299074173,26.4616365497118,8.78,0.70423299074173,39.694743470673,8.78,0.70423299074173,52.9151736811091,8.78
stead_event_02046,nc71951230,7,9.13,0.970677971839905,253.392519568265,6.98,0.937097072601318,48.502588833525,9.11,0.937097072601318,72.7157637968571,9.11,0.937097072601318,96.8969527504669,9.11
stead_event_02054,nc72002806,10,14.14,0.947167932987213,235.23703582061,9.98,0.642247319221497,33.9260921061419,14.22,0.642247319221497,50.8468319350907,14.22,0.642247319221497,67.7365673263009,14.22
stead_event_02056,nc72019750,6,8.99,0.936402499675751,213.957900329797,6.01,0.974260151386261,37.5514349259088,8.98,0.974260151386261,56.3475513035619,8.98,0.974260151386261,75.1165898894117,8.98
stead_event_02059,nc72045881,8,9.15,0.960617184638977,219.904846795343,7.99,0.971515297889709,53.4661094852968,9.14,0.971515297889709,80.2098163352478,9.14,0.971515297889709,106.88912446834,9.14
stead_event_02062,nc72081146,10,14.48,0.940797328948975,221.661942317039,9.99,0.511876046657562,21.2556060300257,14.87,0.511876046657562,31.3771183790651,14.87,0.511876046657562,41.8082575877282,14.87
stead_event_02068,nc72121000,6,7.83,0.947148501873016,224.590014449403,5.96,0.84873765707016,31.3607971553955,7.88,0.84873765707016,47.0492798793823,7.88,0.84873765707016,62.7186574171039,7.88
stead_event_02074,nc72142850,9,10.77,0.953374743461609,249.150367774678,8.99,0.920879602432251,48.2982499883484,10.81,0.920879602432251,72.4437264851413,10.81,0.920879602432251,96.541795043341,10.81
stead_event_02077,nc72191860,6,10.5,0.838045239448547,188.249901353266,5.97,0.492041051387787,11.0742694805473,10.47,0.492041051387787,16.3788979127171,10.47,0.492041051387787,21.8350924883868,10.47
stead_event_02101,nc72143400,6,9.05,0.938737094402313,241.30147559297,6,0.870355188846588,42.3454416814218,9.08,0.870355188846588,63.4631054494666,9.08,0.870355188846588,84.5654978053866,9.08
stead_event_02103,nc71531400,6,12.05,0.928623616695404,225.461581110238,5.99,0.869772970676422,19.4023322782859,12,0.869772970676422,28.8909239925013,12,0.869772970676422,38.5179761097845,12
stead_event_02105,nc71777145,9,11.83,0.933964431285858,238.166768288515,8.99,0.926043510437012,40.6988117229208,11.75,0.926043510437012,61.0572745054516,11.75,0.926043510437012,81.3844354410939,11.75
stead_event_02106,nc71795781,5,10.59,0.926675856113434,248.9354771992,4.99,0.937875390052795,43.2919879455488,10.74,0.937875390052795,64.9143651532402,10.74,0.937875390052795,86.5003617336347,10.74
stead_event_02116,nc71892581,6,10.42,0.929016470909119,195.012342655677,6.01,0.756192743778229,24.032755317557,10.43,0.756192743778229,35.7265358335474,10.43,0.756192743778229,47.6196474031678,10.43
stead_event_02119,nc71924146,8,11.77,0.958653151988983,220.295006025182,8,0.924898982048035,35.6683168511828,11.71,0.924898982048035,53.4535821666764,11.71,0.924898982048035,71.2514158678303,11.71
stead_event_02126,nc72002806,9,13.07,0.939404904842377,217.465965412412,9.01,0.806352436542511,33.4133945125175,13.08,0.806352436542511,50.1132754529089,13.08,0.806352436542511,66.7923172738871,13.08
stead_event_02138,nc72142850,5,7.55,0.936664521694183,224.805301317931,5,0.875814855098724,39.9585999265182,7.6,0.875814855098724,59.9145986665795,7.6,0.875814855098724,79.849397515181,7.6
stead_event_02147,nc71795396,10,11.53,0.938470244407654,247.707835885892,9.98,0.9661545753479,41.8158097859654,11.48,0.9661545753479,62.7453234026153,11.48,0.9661545753479,83.6371972983413,11.48
stead_event_02149,nc71835625,6,10.44,0.861757099628448,219.484930148356,6.04,0.341602802276611,47.4991001245866,11.1,0.341602802276611,70.8012040205987,11.1,0.341602802276611,94.0563595402263,11.1
stead_event_02160,nc72947676,7,13.69,0.927149772644043,226.540558870456,6.94,0.265940725803375,20.1428255748879,8.18,0.265940725803375,29.8211923488673,8.18,0.265940725803375,39.6989403425624,8.18
stead_event_02161,nc71778210,6,8.44,0.916100859642029,248.047625695058,5.98,0.837494015693665,37.0398795845438,8.52,0.837494015693665,55.575112119164,8.52,0.837494015693665,74.0781732056808,8.52
stead_event_02162,nc71795396,8,11.69,0.93919974565506,225.026135055407,8,0.92586886882782,33.8210767099804,11.57,0.92586886882782,50.7545338702119,11.57,0.92586886882782,67.6632449231108,11.57
stead_event_02164,nc71839165,9,16.82,0.843012273311615,187.005636183304,9.04,0.767117023468018,41.674266798314,16.84,0.767117023468018,62.3310598485071,16.84,0.767117023468018,83.0341896846495,16.84
stead_event_02169,nc71977970,6,12.67,0.837428152561188,205.356865646529,6.2,0.489022493362427,15.7205469323837,12.62,0.489022493362427,23.4404755674637,12.62,0.489022493362427,31.2420079436878,12.62
stead_event_02170,nc72000566,8,12.69,0.914993762969971,167.068536192735,8.02,0.895746648311615,25.7084927146034,14.44,0.895746648311615,38.56842256488,14.44,0.895746648311615,51.4228175756433,14.44
stead_event_02171,nc72011795,8,9.58,0.916694581508636,217.084559629242,7.98,0.968252897262573,24.5785303457283,9.57,0.968252897262573,36.8987470159406,9.57,0.968252897262573,49.2059141856537,9.57
stead_event_02173,nc72046281,10,15.78,0.920564413070679,205.309148034502,9.99,0.772801995277405,14.2503525052266,19.04,0.772801995277405,21.3191960417009,19.04,0.772801995277405,28.4224829429225,19.04
stead_event_02177,nc72947676,8,14.1,0.931112349033356,215.823241656941,8,0.338624954223633,17.894084013454,10.18,0.338624954223633,26.7621022474615,10.18,0.338624954223633,35.6524290377457,10.18
stead_event_02181,nc71864110,10,16.39,0.936822056770325,238.464927043707,9.97,0.673713505268097,15.1285703078913,16.33,0.673713505268097,22.5554814052128,16.33,0.673713505268097,30.073735664553,16.33
stead_event_02184,nc71959665,7,13.22,0.945177912712097,239.291130552311,7.01,0.668950080871582,20.2364271671384,13.41,0.668950080871582,30.3284369438411,13.41,0.668950080871582,40.4305224828407,13.41
stead_event_02185,nc71977970,6,13.53,0.908096849918365,193.569832588984,5.99,0.633309662342072,13.6910607048357,13.87,0.633309662342072,20.4663060777876,13.87,0.633309662342072,27.237805285883,13.87
stead_event_02187,nc72011795,9,10.35,0.956402361392975,244.272017492717,8.99,0.954483687877655,33.0486781064817,10.28,0.954483687877655,49.6036110800295,10.28,0.954483687877655,66.1342206005641,10.28
stead_event_02197,nc71778210,9,12.12,0.911079525947571,239.992747642084,8.99,0.738176822662354,40.9415620823,12.2,0.738176822662354,61.4174071703061,12.2,0.738176822662354,81.8449637028952,12.2
stead_event_02198,nc71795396,8,10.88,0.934444904327393,236.474682485342,7.99,0.791220784187317,40.4263177670351,11.05,0.791220784187317,60.6470899389092,11.05,0.791220784187317,80.8263248835769,11.05
stead_event_02205,nc72000566,8,12.58,0.923119246959686,207.440370890616,8.01,0.127673953771591,18.1914917447395,12.81,0.127673953771591,27.1943247436713,12.81,0.127673953771591,36.151461209488,12.81
stead_event_02207,nc72046281,5,10.93,0.874123573303223,194.407768484485,5,0.531561195850372,32.2187630626169,5.9,0.531561195850372,48.1786076354388,5.9,0.531561195850372,64.1620619002045,5.9
stead_event_02213,nc72947676,6,11.54,0.93124133348465,217.126922571628,5.96,0.135941341519356,27.242074069239,12.24,0.135941341519356,40.5927152780883,12.24,0.135941341519356,53.8507501892047,12.24
stead_event_02214,nc71778210,8,13.28,0.895829200744629,215.186341895386,8,0.822132408618927,33.525717382954,13.24,0.822132408618927,50.1831184790259,13.24,0.822132408618927,66.875729399132,13.24
stead_event_02215,nc71795396,9,10.64,0.933457374572754,223.782764434099,8.99,0.960428237915039,46.040331104764,10.57,0.960428237915039,69.080633895893,10.57,0.960428237915039,92.0728438277662,10.57
stead_event_02216,nc71835625,5,9.78,0.869537115097046,216.315038949765,5.03,0.789976894855499,41.2231449550419,9.84,0.789976894855499,61.6606739071615,9.84,0.789976894855499,82.1508776981003,9.84
stead_event_02220,nc72011795,6,8.67,0.929418921470642,208.497297816118,5.95,0.824107229709625,30.6563022732162,8.7,0.824107229709625,45.9943055587599,8.7,0.824107229709625,61.3134997739096,8.7
stead_event_02228,nc71795396,10,12.97,0.952264547348022,237.884120065169,9.97,0.652982294559479,31.7146051818684,12.83,0.652982294559479,47.5797580027732,12.83,0.652982294559479,63.4135762374219,12.83
