Group,Output,Policy,Records,StatusMismatches,PickMismatches,MaxPickDifferenceSec,MaxQualityDifference
Full3C_base42,AIC,constrained,330,0,0,0,4.83169060316868e-13
Full3C_base42,AIC,unconstrained,330,0,0,0,4.83169060316868e-13
Full3C_base42,CNN,constrained,330,0,0,0,5.11590769747272e-13
Full3C_base42,CNN,unconstrained,330,0,0,0,5.11590769747272e-13
Full3C_base42,mean_ensemble,constrained,330,0,0,0,4.9737991503207e-13
Full3C_base42,mean_ensemble,unconstrained,330,0,0,0,4.9737991503207e-13
Full3C_base42,STA,constrained,330,0,0,0,4.83169060316868e-13
Full3C_base42,STA,unconstrained,330,0,0,0,4.2632564145606e-13
Full3C_base42,TCN,constrained,330,0,0,0,5.11590769747272e-13
Full3C_base42,TCN,unconstrained,330,0,0,0,5.11590769747272e-13
Full3C_base42,weighted_ensemble,constrained,330,0,0,0,5.11590769747272e-13
Full3C_base42,weighted_ensemble,unconstrained,330,0,0,0,5.11590769747272e-13
Full3C_base42,full15ch_seed42,constrained,330,0,0,0,5.11590769747272e-13
Full3C_base42,full15ch_seed42,unconstrained,330,0,0,0,5.11590769747272e-13
Full3C_base42,full15ch_seed43,constrained,330,0,0,0,5.11590769747272e-13
Full3C_base42,full15ch_seed43,unconstrained,330,0,0,0,5.11590769747272e-13
Full3C_base42,full15ch_seed44,constrained,330,0,0,0,5.11590769747272e-13
Full3C_base42,full15ch_seed44,unconstrained,330,0,0,0,5.11590769747272e-13
Full3C_base42,logistic_seed42,constrained,330,0,0,0,5.11590769747272e-13
Full3C_base42,logistic_seed42,unconstrained,330,0,0,0,5.11590769747272e-13
Full3C_base42,nodilation_seed42,constrained,330,0,0,0,5.11590769747272e-13
Full3C_base42,nodilation_seed42,unconstrained,330,0,0,0,5.11590769747272e-13
Full3C_base42,nodilation_seed43,constrained,330,0,0,0,5.11590769747272e-13
Full3C_base42,nodilation_seed43,unconstrained,330,0,0,0,5.11590769747272e-13
Full3C_base42,nodilation_seed44,constrained,330,0,0,0,5.11590769747272e-13
Full3C_base42,nodilation_seed44,unconstrained,330,0,0,0,5.11590769747272e-13
Full3C_base42,probonly12_seed42,constrained,330,0,0,0,5.11590769747272e-13
Full3C_base42,probonly12_seed42,unconstrained,330,0,0,0,5.11590769747272e-13
Full3C_base42,probonly12_seed43,constrained,330,0,0,0,5.11590769747272e-13
Full3C_base42,probonly12_seed43,unconstrained,330,0,0,0,5.11590769747272e-13
Full3C_base42,probonly12_seed44,constrained,330,0,0,0,5.11590769747272e-13
Full3C_base42,probonly12_seed44,unconstrained,330,0,0,0,5.11590769747272e-13
Full3C_base42,waveonly3_seed42,constrained,330,0,0,0,5.11590769747272e-13
Full3C_base42,waveonly3_seed42,unconstrained,330,0,0,0,5.11590769747272e-13
Full3C_base42,waveonly3_seed43,constrained,330,0,0,0,5.11590769747272e-13
Full3C_base42,waveonly3_seed43,unconstrained,330,0,0,0,5.11590769747272e-13
Full3C_base42,waveonly3_seed44,constrained,330,0,0,0,5.11590769747272e-13
Full3C_base42,waveonly3_seed44,unconstrained,330,0,0,0,5.11590769747272e-13
Full3C_base43,AIC,constrained,330,0,0,0,4.83169060316868e-13
Full3C_base43,AIC,unconstrained,330,0,0,0,4.83169060316868e-13
Full3C_base43,CNN,constrained,330,0,0,0,5.11590769747272e-13
Full3C_base43,CNN,unconstrained,330,0,0,0,5.11590769747272e-13
Full3C_base43,mean_ensemble,constrained,330,0,0,0,5.11590769747272e-13
Full3C_base43,mean_ensemble,unconstrained,330,0,0,0,5.11590769747272e-13
Full3C_base43,STA,constrained,330,0,0,0,4.83169060316868e-13
Full3C_base43,STA,unconstrained,330,0,0,0,4.2632564145606e-13
Full3C_base43,TCN,constrained,330,0,0,0,5.11590769747272e-13
Full3C_base43,TCN,unconstrained,330,0,0,0,5.11590769747272e-13
Full3C_base43,weighted_ensemble,constrained,330,0,0,0,5.11590769747272e-13
Full3C_base43,weighted_ensemble,unconstrained,330,0,0,0,5.11590769747272e-13
Full3C_base43,full15ch_seed42,constrained,330,0,0,0,5.11590769747272e-13
Full3C_base43,full15ch_seed42,unconstrained,330,0,0,0,5.11590769747272e-13
Full3C_base43,full15ch_seed43,constrained,330,0,0,0,4.83169060316868e-13
Full3C_base43,full15ch_seed43,unconstrained,330,0,0,0,5.11590769747272e-13
Full3C_base43,full15ch_seed44,constrained,330,0,0,0,5.11590769747272e-13
Full3C_base43,full15ch_seed44,unconstrained,330,0,0,0,5.11590769747272e-13
Full3C_base44,AIC,constrained,330,0,0,0,4.83169060316868e-13
Full3C_base44,AIC,unconstrained,330,0,0,0,4.83169060316868e-13
Full3C_base44,CNN,constrained,330,0,0,0,5.11590769747272e-13
Full3C_base44,CNN,unconstrained,330,0,0,0,5.11590769747272e-13
Full3C_base44,mean_ensemble,constrained,330,0,0,0,4.9737991503207e-13
Full3C_base44,mean_ensemble,unconstrained,330,0,0,0,4.9737991503207e-13
Full3C_base44,STA,constrained,330,0,0,0,4.83169060316868e-13
Full3C_base44,STA,unconstrained,330,0,0,0,4.2632564145606e-13
Full3C_base44,TCN,constrained,330,0,0,0,5.11590769747272e-13
Full3C_base44,TCN,unconstrained,330,0,0,0,5.11590769747272e-13
Full3C_base44,weighted_ensemble,constrained,330,0,0,0,5.11590769747272e-13
Full3C_base44,weighted_ensemble,unconstrained,330,0,0,0,5.11590769747272e-13
Full3C_base44,full15ch_seed42,constrained,330,0,0,0,5.11590769747272e-13
Full3C_base44,full15ch_seed42,unconstrained,330,0,0,0,5.11590769747272e-13
Full3C_base44,full15ch_seed43,constrained,330,0,0,0,4.9737991503207e-13
Full3C_base44,full15ch_seed43,unconstrained,330,0,0,0,4.9737991503207e-13
Full3C_base44,full15ch_seed44,constrained,330,0,0,0,5.11590769747272e-13
Full3C_base44,full15ch_seed44,unconstrained,330,0,0,0,5.11590769747272e-13
Full3C_phasenet,PhaseNetMatched_seed42,constrained,330,0,0,0,5.11590769747272e-13
Full3C_phasenet,PhaseNetMatched_seed42,unconstrained,330,0,0,0,5.11590769747272e-13
Full3C_phasenet,PhaseNetMatched_seed43,constrained,330,0,0,0,5.11590769747272e-13
Full3C_phasenet,PhaseNetMatched_seed43,unconstrained,330,0,0,0,5.11590769747272e-13
Full3C_phasenet,PhaseNetMatched_seed44,constrained,330,0,0,0,5.11590769747272e-13
Full3C_phasenet,PhaseNetMatched_seed44,unconstrained,330,0,0,0,5.11590769747272e-13
Zonly_base42,AIC,constrained,330,0,0,0,4.83169060316868e-13
Zonly_base42,AIC,unconstrained,330,0,0,0,4.83169060316868e-13
Zonly_base42,CNN,constrained,330,0,0,0,5.11590769747272e-13
Zonly_base42,CNN,unconstrained,330,0,0,0,5.11590769747272e-13
Zonly_base42,mean_ensemble,constrained,330,0,0,0,5.11590769747272e-13
Zonly_base42,mean_ensemble,unconstrained,330,0,0,0,5.11590769747272e-13
Zonly_base42,STA,constrained,330,0,0,0,3.12638803734444e-13
Zonly_base42,STA,unconstrained,330,0,0,0,2.8421709430404e-13
Zonly_base42,TCN,constrained,330,0,0,0,5.11590769747272e-13
Zonly_base42,TCN,unconstrained,330,0,0,0,5.11590769747272e-13
Zonly_base42,weighted_ensemble,constrained,330,0,0,0,5.11590769747272e-13
Zonly_base42,weighted_ensemble,unconstrained,330,0,0,0,5.11590769747272e-13
Zonly_base42,full15ch_seed42,constrained,330,0,0,0,4.83169060316868e-13
Zonly_base42,full15ch_seed42,unconstrained,330,0,0,0,4.83169060316868e-13
Zonly_base42,full15ch_seed43,constrained,330,0,0,0,5.11590769747272e-13
Zonly_base42,full15ch_seed43,unconstrained,330,0,0,0,5.11590769747272e-13
Zonly_base42,full15ch_seed44,constrained,330,0,0,0,4.83169060316868e-13
Zonly_base42,full15ch_seed44,unconstrained,330,0,0,0,4.83169060316868e-13
Zonly_base43,AIC,constrained,330,0,0,0,4.83169060316868e-13
Zonly_base43,AIC,unconstrained,330,0,0,0,4.83169060316868e-13
Zonly_base43,CNN,constrained,330,0,0,0,5.11590769747272e-13
Zonly_base43,CNN,unconstrained,330,0,0,0,5.11590769747272e-13
Zonly_base43,mean_ensemble,constrained,330,0,0,0,5.11590769747272e-13
Zonly_base43,mean_ensemble,unconstrained,330,0,0,0,5.11590769747272e-13
Zonly_base43,STA,constrained,330,0,0,0,3.12638803734444e-13
Zonly_base43,STA,unconstrained,330,0,0,0,2.8421709430404e-13
Zonly_base43,TCN,constrained,330,0,0,0,5.11590769747272e-13
Zonly_base43,TCN,unconstrained,330,0,0,0,5.11590769747272e-13
Zonly_base43,weighted_ensemble,constrained,330,0,0,0,5.11590769747272e-13
Zonly_base43,weighted_ensemble,unconstrained,330,0,0,0,5.11590769747272e-13
Zonly_base43,full15ch_seed42,constrained,330,0,0,0,5.11590769747272e-13
Zonly_base43,full15ch_seed42,unconstrained,330,0,0,0,5.11590769747272e-13
Zonly_base43,full15ch_seed43,constrained,330,0,0,0,5.11590769747272e-13
Zonly_base43,full15ch_seed43,unconstrained,330,0,0,0,5.11590769747272e-13
Zonly_base43,full15ch_seed44,constrained,330,0,0,0,5.11590769747272e-13
Zonly_base43,full15ch_seed44,unconstrained,330,0,0,0,5.11590769747272e-13
Zonly_base44,AIC,constrained,330,0,0,0,4.83169060316868e-13
Zonly_base44,AIC,unconstrained,330,0,0,0,4.83169060316868e-13
Zonly_base44,CNN,constrained,330,0,0,0,5.11590769747272e-13
Zonly_base44,CNN,unconstrained,330,0,0,0,5.11590769747272e-13
Zonly_base44,mean_ensemble,constrained,330,0,0,0,5.11590769747272e-13
Zonly_base44,mean_ensemble,unconstrained,330,0,0,0,5.11590769747272e-13
Zonly_base44,STA,constrained,330,0,0,0,3.12638803734444e-13
Zonly_base44,STA,unconstrained,330,0,0,0,2.8421709430404e-13
Zonly_base44,TCN,constrained,330,0,0,0,5.11590769747272e-13
Zonly_base44,TCN,unconstrained,330,0,0,0,5.11590769747272e-13
Zonly_base44,weighted_ensemble,constrained,330,0,0,0,5.11590769747272e-13
Zonly_base44,weighted_ensemble,unconstrained,330,0,0,0,5.11590769747272e-13
Zonly_base44,full15ch_seed42,constrained,330,0,0,0,5.11590769747272e-13
Zonly_base44,full15ch_seed42,unconstrained,330,0,0,0,5.11590769747272e-13
Zonly_base44,full15ch_seed43,constrained,330,0,0,0,4.83169060316868e-13
Zonly_base44,full15ch_seed43,unconstrained,330,0,0,0,4.9737991503207e-13
Zonly_base44,full15ch_seed44,constrained,330,0,0,0,5.11590769747272e-13
Zonly_base44,full15ch_seed44,unconstrained,330,0,0,0,5.11590769747272e-13
Zonly_phasenet,PhaseNetMatched_seed42,constrained,330,0,0,0,5.11590769747272e-13
Zonly_phasenet,PhaseNetMatched_seed42,unconstrained,330,0,0,0,5.11590769747272e-13
Zonly_phasenet,PhaseNetMatched_seed43,constrained,330,0,0,0,5.11590769747272e-13
Zonly_phasenet,PhaseNetMatched_seed43,unconstrained,330,0,0,0,5.11590769747272e-13
Zonly_phasenet,PhaseNetMatched_seed44,constrained,330,0,0,0,5.11590769747272e-13
Zonly_phasenet,PhaseNetMatched_seed44,unconstrained,330,0,0,0,5.11590769747272e-13
