p_pred_sec,s_pred_sec,p_status,s_status,p_quality,s_quality,event_id,source_id,p_true_sec,s_true_sec,p_error_ms,s_error_ms
7.85,7.85,detected,detected,239.308087031822,239.308087031822,stead_event_00001,uw60442066,9,12.78,-1150,-4930
3.91,3.91,detected,detected,239.308087031822,239.308087031822,stead_event_00007,13487328,4,7.63,-89.9999999999999,-3720
7.21,7.21,detected,detected,239.308087031822,239.308087031822,stead_event_00011,ak0114gk7buk,7,11.13,210,-3920
8.47,8.47,detected,detected,239.308087031822,239.308087031822,stead_event_00033,ak18304808,5,11.73,3470,-3260
6.36,6.36,detected,detected,239.308087031822,239.308087031822,stead_event_00034,ak18438481,7,13.31,-640,-6950
6.05,6.05,detected,detected,239.308087031822,239.308087031822,stead_event_00043,13279134,6,9.84,49.9999999999998,-3790
9.99,9.99,detected,detected,239.308087031822,239.308087031822,stead_event_00050,16538652,9.99,10.41,0,-420
9.99,9.99,detected,detected,239.308087031822,239.308087031822,stead_event_00052,hv60901086,12.51,13.39,-2520,-3400
9.99,9.99,detected,detected,239.308087031822,239.308087031822,stead_event_00053,hv60901406,10.76,12.32,-770,-2330
9.99,9.99,detected,detected,239.308087031822,239.308087031822,stead_event_00055,hv60901726,10.27,11.03,-279.999999999999,-1040
9.99,9.99,detected,detected,239.308087031822,239.308087031822,stead_event_00069,hv60906871,10.78,11.35,-789.999999999999,-1360
9.99,9.99,detected,detected,239.308087031822,239.308087031822,stead_event_00080,hv60908481,10.64,11.99,-650,-2000
9.82,9.82,detected,detected,239.308087031822,239.308087031822,stead_event_00088,hv60910366,9.81,12.35,9.99999999999979,-2530
9.99,9.99,detected,detected,239.308087031822,239.308087031822,stead_event_00104,hv60914806,11.21,12.51,-1220,-2520
9.99,9.99,detected,detected,239.308087031822,239.308087031822,stead_event_00112,hv60916191,10.25,11.21,-260,-1220
9.99,9.99,detected,detected,239.308087031822,239.308087031822,stead_event_00115,hv60918376,10.94,12.19,-949.999999999999,-2200
9.99,9.99,detected,detected,239.308087031822,239.308087031822,stead_event_00118,hv60918936,10.82,13.06,-830,-3070
9.99,9.99,detected,detected,239.308087031822,239.308087031822,stead_event_00121,hv60920211,10.12,12.99,-130.000000000001,-3000
9.99,9.99,detected,detected,239.308087031822,239.308087031822,stead_event_00127,hv60921636,10.87,11.79,-880.000000000001,-1800
9.99,9.99,detected,detected,239.308087031822,239.308087031822,stead_event_00134,hv60926821,11.35,13,-1360,-3010
9.03,9.03,detected,detected,239.308087031822,239.308087031822,stead_event_00139,hv60928436,9.04,12.01,-10.0000000000016,-2980
4.73,4.73,detected,detected,239.308087031822,239.308087031822,stead_event_00140,hv60928616,6,11.48,-1270,-6750
4.08,4.08,detected,detected,239.308087031822,239.308087031822,stead_event_00150,hv60931326,5,11.86,-920,-7780
9.99,9.99,detected,detected,239.308087031822,239.308087031822,stead_event_00154,hv60931446,4,8.28,5990,1710
9.99,9.99,detected,detected,239.308087031822,239.308087031822,stead_event_00178,hv60966561,5,6.7,4990,3290
9.01,9.01,detected,detected,239.308087031822,239.308087031822,stead_event_00182,hv60968301,9,15.34,9.99999999999979,-6330
5.95,5.95,detected,detected,239.308087031822,239.308087031822,stead_event_00183,hv60968786,6,9.75,-49.9999999999998,-3800
3.95,3.95,detected,detected,239.308087031822,239.308087031822,stead_event_00191,hv60976706,4,10.41,-49.9999999999998,-6460
5.08,5.08,detected,detected,239.308087031822,239.308087031822,stead_event_00192,hv60978051,5,10.89,80.0000000000001,-5810
6.39,6.39,detected,detected,239.308087031822,239.308087031822,stead_event_00197,hv60986616,7,11.9,-610,-5510
9.97,9.97,detected,detected,239.308087031822,239.308087031822,stead_event_00198,hv60988776,5,8.4,4970,1570
3.5,3.5,detected,detected,239.308087031822,239.308087031822,stead_event_00203,hv60997796,4,9.8,-500,-6300
4.22,4.22,detected,detected,239.308087031822,239.308087031822,stead_event_00226,hv61058691,5,8.36,-780,-4140
4.07,4.07,detected,detected,239.308087031822,239.308087031822,stead_event_00228,hv61059176,5,7.71,-930,-3640
6.01,6.01,detected,detected,239.308087031822,239.308087031822,stead_event_00240,hv61086956,6,6.92,9.99999999999979,-910
9.99,9.99,detected,detected,239.308087031822,239.308087031822,stead_event_00241,hv61088071,5,5.83,4990,4160
5.02,5.02,detected,detected,239.308087031822,239.308087031822,stead_event_00242,hv61089106,5,8.22,19.9999999999996,-3200
6.04,6.04,detected,detected,239.308087031822,239.308087031822,stead_event_00245,hv61099496,6,8.4,40,-2360
6.12,6.12,detected,detected,239.308087031822,239.308087031822,stead_event_00247,hv61105861,6,9.2,120,-3080
9.03,9.03,detected,detected,239.308087031822,239.308087031822,stead_event_00248,hv61106101,9,11.05,29.9999999999994,-2020
8,8,detected,detected,239.308087031822,239.308087031822,stead_event_00256,hv61120311,8,9.89,0,-1890
9.01,9.01,detected,detected,239.308087031822,239.308087031822,stead_event_00261,hv61125041,9,11.78,9.99999999999979,-2770
6,6,detected,detected,239.308087031822,239.308087031822,stead_event_00264,hv61133066,6,11.08,0,-5080
8.96,8.96,detected,detected,239.308087031822,239.308087031822,stead_event_00272,hv61141866,9,11.37,-39.9999999999991,-2410
9.94,9.94,detected,detected,239.308087031822,239.308087031822,stead_event_00273,hv61145391,5,8.73,4940,1210
7,7,detected,detected,239.308087031822,239.308087031822,stead_event_00280,hv61157446,7.01,8.99,-9.99999999999979,-1990
6.01,6.01,detected,detected,239.308087031822,239.308087031822,stead_event_00305,hv61190896,6.03,7.41,-20.0000000000005,-1400
8.99,8.99,detected,detected,239.308087031822,239.308087031822,stead_event_00313,hv61198966,9,11.53,-9.99999999999979,-2540
9.01,9.01,detected,detected,239.308087031822,239.308087031822,stead_event_00324,hv61227431,9.03,10.64,-19.9999999999996,-1630
6.99,6.99,detected,detected,239.308087031822,239.308087031822,stead_event_00351,hv61289741,7,11.68,-9.99999999999979,-4690
7.58,7.58,detected,detected,239.308087031822,239.308087031822,stead_event_00358,hv61301126,8,11.34,-420,-3760
6.01,6.01,detected,detected,239.308087031822,239.308087031822,stead_event_00364,hv61313351,6,12.66,9.99999999999979,-6650
7,7,detected,detected,239.308087031822,239.308087031822,stead_event_00366,hv61313951,7,11.87,0,-4870
9.99,9.99,detected,detected,239.308087031822,239.308087031822,stead_event_00367,hv61314166,5,9.51,4990,480
7.04,7.04,detected,detected,239.308087031822,239.308087031822,stead_event_00383,hv61351376,7,12.27,40,-5230
5.01,5.01,detected,detected,239.308087031822,239.308087031822,stead_event_00390,hv61373431,5,10.51,9.99999999999979,-5500
8.7,8.7,detected,detected,239.308087031822,239.308087031822,stead_event_00395,hv61387541,9,13.23,-300.000000000001,-4530
8.89,8.89,detected,detected,239.308087031822,239.308087031822,stead_event_00396,hv61387641,6,10.23,2890,-1340
9.98,9.98,detected,detected,239.308087031822,239.308087031822,stead_event_00401,hv61404776,5,7.77,4980,2210
9.33,9.33,detected,detected,239.308087031822,239.308087031822,stead_event_00405,hv61415741,6,11.46,3330,-2130
7,7,detected,detected,239.308087031822,239.308087031822,stead_event_00408,hv61424936,7,11.51,0,-4510
9.04,9.04,detected,detected,239.308087031822,239.308087031822,stead_event_00411,hv61431046,9,15.48,39.9999999999991,-6440
8.04,8.04,detected,detected,239.308087031822,239.308087031822,stead_event_00412,hv61443381,8,14.48,39.9999999999991,-6440
8.9,8.9,detected,detected,239.308087031822,239.308087031822,stead_event_00427,hv61470176,9,14.7,-99.9999999999996,-5800
8.96,8.96,detected,detected,239.308087031822,239.308087031822,stead_event_00441,hv61491046,9,13.12,-39.9999999999991,-4160
5.09,5.09,detected,detected,239.308087031822,239.308087031822,stead_event_00445,hv61494321,6,12,-910,-6910
7.92,7.92,detected,detected,239.308087031822,239.308087031822,stead_event_00446,hv61494421,8,13.2,-80.0000000000001,-5280
8.53,8.53,detected,detected,239.308087031822,239.308087031822,stead_event_00453,hv61515041,9,13.03,-470.000000000001,-4500
8.55,8.55,detected,detected,239.308087031822,239.308087031822,stead_event_00464,hv61573621,9,12.95,-449.999999999999,-4400
4.99,4.99,detected,detected,239.308087031822,239.308087031822,stead_event_00467,hv61586936,5,9.22,-9.99999999999979,-4230
9.99,9.99,detected,detected,239.308087031822,239.308087031822,stead_event_00469,hv61591531,4,6.43,5990,3560
9.99,9.99,detected,detected,239.308087031822,239.308087031822,stead_event_00471,hv61596221,5,7.37,4990,2620
6.72,6.72,detected,detected,239.308087031822,239.308087031822,stead_event_00473,hv61626271,7,12.72,-280,-6000
3.99,3.99,detected,detected,239.308087031822,239.308087031822,stead_event_00475,hv61629831,4,9.1,-9.99999999999979,-5110
3.79,3.79,detected,detected,239.308087031822,239.308087031822,stead_event_00478,hv61630461,5,17.01,-1210,-13220
7.7,7.7,detected,detected,239.308087031822,239.308087031822,stead_event_00485,hv61653731,8,18.8,-300,-11100
3.57,3.57,detected,detected,239.308087031822,239.308087031822,stead_event_00488,hv61657746,5,14.02,-1430,-10450
2.58,2.58,detected,detected,239.308087031822,239.308087031822,stead_event_00489,hv61659231,4,13.02,-1420,-10440
3.73,3.73,detected,detected,239.308087031822,239.308087031822,stead_event_00498,hv61694021,4,16.09,-270,-12360
6.87,6.87,detected,detected,239.308087031822,239.308087031822,stead_event_00499,hv61695836,8,20.89,-1130,-14020
9.01,9.01,detected,detected,239.308087031822,239.308087031822,stead_event_00506,hv61717336,9,18.04,9.99999999999979,-9030
5,5,detected,detected,239.308087031822,239.308087031822,stead_event_00508,hv61724031,5.01,13.41,-9.99999999999979,-8410
8.54,8.54,detected,detected,239.308087031822,239.308087031822,stead_event_00512,hv61755026,9,19.22,-460.000000000001,-10680
3.12,3.12,detected,detected,239.308087031822,239.308087031822,stead_event_00513,hv61763851,4,12.9,-880,-9780
7.07,7.07,detected,detected,239.308087031822,239.308087031822,stead_event_00518,hv61785231,8,19.64,-930,-12570
8.99,8.99,detected,detected,239.308087031822,239.308087031822,stead_event_00522,hv61796236,9,17.91,-9.99999999999979,-8920
4.95,4.95,detected,detected,239.308087031822,239.308087031822,stead_event_00529,hv61836176,5,13.52,-49.9999999999998,-8570
5.09,5.09,detected,detected,239.308087031822,239.308087031822,stead_event_00531,hv61839021,6,15.48,-910,-10390
5.54,5.54,detected,detected,239.308087031822,239.308087031822,stead_event_00532,hv61839706,6,18.21,-460,-12670
3.06,3.06,detected,detected,239.308087031822,239.308087031822,stead_event_00535,hv61566007,5,14.08,-1940,-11020
8.05,8.05,detected,detected,239.308087031822,239.308087031822,stead_event_00540,hv61872781,8,14.1,50.0000000000007,-6050
6.01,6.01,detected,detected,239.308087031822,239.308087031822,stead_event_00554,hv61945641,6,11.74,9.99999999999979,-5730
4.01,4.01,detected,detected,239.308087031822,239.308087031822,stead_event_00568,hv70009322,4,9.39,9.99999999999979,-5380
9,9,detected,detected,239.308087031822,239.308087031822,stead_event_00574,hv70021937,9,16.01,0,-7010
9,9,detected,detected,239.308087031822,239.308087031822,stead_event_00575,hv70023277,9,16.32,0,-7320
5.94,5.94,detected,detected,239.308087031822,239.308087031822,stead_event_00577,hv70039687,5.92,12.75,20.0000000000005,-6810
6.92,6.92,detected,detected,239.308087031822,239.308087031822,stead_event_00581,hv70052617,6.92,13.6,0,-6680
5.61,5.61,detected,detected,239.308087031822,239.308087031822,stead_event_00594,hv70075181,7,12.7,-1390,-7090
4.19,4.19,detected,detected,239.308087031822,239.308087031822,stead_event_00614,hv70119016,5,11,-810,-6810
9.99,9.99,detected,detected,239.308087031822,239.308087031822,stead_event_00615,hv70121976,1.51,7,8480,2990
4.75,4.75,detected,detected,239.308087031822,239.308087031822,stead_event_00634,hv60960381,5,9.45,-250,-4700
8.68,8.68,detected,detected,239.308087031822,239.308087031822,stead_event_00635,hv60966561,9,12.15,-320,-3470
9,9,detected,detected,239.308087031822,239.308087031822,stead_event_00651,hv61042316,9,15.17,0,-6170
3.87,3.87,detected,detected,239.308087031822,239.308087031822,stead_event_00654,hv61059176,5,10.93,-1130,-7060
9.93,9.93,detected,detected,239.308087031822,239.308087031822,stead_event_00669,hv61199221,1.51,7.04,8420,2890
5.2,5.2,detected,detected,239.308087031822,239.308087031822,stead_event_00680,hv61312676,6,9.3,-800,-4100
6.2,6.2,detected,detected,239.308087031822,239.308087031822,stead_event_00684,hv61349046,8,8.85,-1800,-2650
6.99,6.99,detected,detected,239.308087031822,239.308087031822,stead_event_00687,hv61369201,7,12.7,-9.99999999999979,-5710
8.13,8.13,detected,detected,239.308087031822,239.308087031822,stead_event_00688,hv61383356,9,14.9,-869.999999999999,-6770
5.96,5.96,detected,detected,239.308087031822,239.308087031822,stead_event_00693,hv61402671,6,10.5,-40,-4540
4.81,4.81,detected,detected,239.308087031822,239.308087031822,stead_event_00718,hv61744946,5,11.3,-190,-6490
8.51,8.51,detected,detected,239.308087031822,239.308087031822,stead_event_00729,hv61828751,9.02,20.11,-510,-11600
9.73,9.73,detected,detected,239.308087031822,239.308087031822,stead_event_00732,hv61569122,6,21.36,3730,-11630
8.17,8.17,detected,detected,239.308087031822,239.308087031822,stead_event_00735,hv61881196,8.35,9.49,-180,-1320
3.85,3.85,detected,detected,239.308087031822,239.308087031822,stead_event_00750,hv62019746,4,8.4,-150,-4550
3.07,3.07,detected,detected,239.308087031822,239.308087031822,stead_event_00762,ak012azl0m1x,4,14.99,-930,-11920
7.56,7.56,detected,detected,239.308087031822,239.308087031822,stead_event_00766,ak01122itd6r,8,11.6,-440,-4040
8.28,8.28,detected,detected,239.308087031822,239.308087031822,stead_event_00772,ak0128ezfwlw,8,14.7,279.999999999999,-6420
7.59,7.59,detected,detected,239.308087031822,239.308087031822,stead_event_00779,ak19714709,8,13.7,-410,-6110
7.81,7.81,detected,detected,239.308087031822,239.308087031822,stead_event_00782,ak01122itd6r,8,14.5,-190,-6690
3.99,3.99,detected,detected,239.308087031822,239.308087031822,stead_event_00791,hv60921251,4,7.5,-9.99999999999979,-3510
3.69,3.69,detected,detected,239.308087031822,239.308087031822,stead_event_00809,hv60977116,4,10.4,-310,-6710
6.01,6.01,detected,detected,239.308087031822,239.308087031822,stead_event_00813,hv60984151,6,9.3,9.99999999999979,-3290
8.96,8.96,detected,detected,239.308087031822,239.308087031822,stead_event_00819,hv60991386,9,12.32,-39.9999999999991,-3360
9.04,9.04,detected,detected,239.308087031822,239.308087031822,stead_event_00820,hv60991471,9,15.6,39.9999999999991,-6560
4.73,4.73,detected,detected,239.308087031822,239.308087031822,stead_event_00823,hv61026081,5,11.13,-270,-6400
6.37,6.37,detected,detected,239.308087031822,239.308087031822,stead_event_00830,hv61036836,7,8.5,-630,-2130
5.71,5.71,detected,detected,239.308087031822,239.308087031822,stead_event_00831,hv61055001,7,9.22,-1290,-3510
9.91,9.91,detected,detected,239.308087031822,239.308087031822,stead_event_00834,hv61073686,4,5.5,5910,4410
6.28,6.28,detected,detected,239.308087031822,239.308087031822,stead_event_00837,hv61080921,9,9.9,-2720,-3620
9.98,9.98,detected,detected,239.308087031822,239.308087031822,stead_event_00838,hv61081481,5,6.3,4980,3680
9.99,9.99,detected,detected,239.308087031822,239.308087031822,stead_event_00849,hv61107221,5,6.7,4990,3290
5.8,5.8,detected,detected,239.308087031822,239.308087031822,stead_event_00860,hv61146926,6,7.9,-200,-2100
9.99,9.99,detected,detected,239.308087031822,239.308087031822,stead_event_00867,hv61157001,5,6.5,4990,3490
7.83,7.83,detected,detected,239.308087031822,239.308087031822,stead_event_00871,hv61170061,8,9.7,-170,-1870
4.03,4.03,detected,detected,239.308087031822,239.308087031822,stead_event_00877,hv61193411,5,8.18,-970,-4150
9.99,9.99,detected,detected,239.308087031822,239.308087031822,stead_event_00892,hv61276871,4,5.4,5990,4590
6.51,6.51,detected,detected,239.308087031822,239.308087031822,stead_event_00893,hv61278656,7,9.2,-490,-2690
5.73,5.73,detected,detected,239.308087031822,239.308087031822,stead_event_00915,hv61332976,6,9.2,-270,-3470
5.05,5.05,detected,detected,239.308087031822,239.308087031822,stead_event_00921,hv61349676,6,8.31,-950,-3260
4.62,4.62,detected,detected,239.308087031822,239.308087031822,stead_event_00929,hv61416591,5,6.83,-380,-2210
6.1,6.1,detected,detected,239.308087031822,239.308087031822,stead_event_00942,hv61480866,7,8.8,-900,-2700
9.99,9.99,detected,detected,239.308087031822,239.308087031822,stead_event_00945,hv61501976,5,6.3,4990,3690
5.42,5.42,detected,detected,239.308087031822,239.308087031822,stead_event_00947,hv61567036,6,8.6,-580,-3180
9.91,9.91,detected,detected,239.308087031822,239.308087031822,stead_event_00957,hv61683836,4,5.7,5910,4210
8.6,8.6,detected,detected,239.308087031822,239.308087031822,stead_event_00962,hv61684436,9,11.4,-400,-2800
6.03,6.03,detected,detected,239.308087031822,239.308087031822,stead_event_00972,hv61753126,8,9.39,-1970,-3360
4.06,4.06,detected,detected,239.308087031822,239.308087031822,stead_event_00973,hv61756966,6,7.4,-1940,-3340
5.11,5.11,detected,detected,239.308087031822,239.308087031822,stead_event_00978,hv61798521,7,8.3,-1890,-3190
6.41,6.41,detected,detected,239.308087031822,239.308087031822,stead_event_00996,hv61955651,8,15.71,-1590,-9300
3.36,3.36,detected,detected,239.308087031822,239.308087031822,stead_event_01021,ak19078998,4,11.6,-640,-8240
4.54,4.54,detected,detected,239.308087031822,239.308087031822,stead_event_01023,16021240,5,13.6,-460,-9060
6.71,6.71,detected,detected,239.308087031822,239.308087031822,stead_event_01028,16334312,7,13.5,-290,-6790
2.16,2.16,detected,detected,239.308087031822,239.308087031822,stead_event_01038,12089196,4,13.1,-1840,-10940
4.69,4.69,detected,detected,239.308087031822,239.308087031822,stead_event_01039,16194199,6,12,-1310,-7310
6.99,6.99,detected,detected,239.308087031822,239.308087031822,stead_event_01042,16194207,7,14.1,-9.99999999999979,-7110
4.77,4.77,detected,detected,239.308087031822,239.308087031822,stead_event_01045,14835964,6,10.9,-1230,-6130
6.91,6.91,detected,detected,239.308087031822,239.308087031822,stead_event_01050,12576612,8,14.2,-1090,-7290
8.7,8.7,detected,detected,239.308087031822,239.308087031822,stead_event_01051,14836273,9,15.7,-300.000000000001,-7000
3.04,3.04,detected,detected,239.308087031822,239.308087031822,stead_event_01052,12576617,4,11.2,-960,-8160
5.73,5.73,detected,detected,239.308087031822,239.308087031822,stead_event_01054,14836840,6,12.17,-270,-6440
6.92,6.92,detected,detected,239.308087031822,239.308087031822,stead_event_01072,12103389,7,15.4,-80.0000000000001,-8480
8.91,8.91,detected,detected,239.308087031822,239.308087031822,stead_event_01076,16194319,9,12.1,-89.9999999999999,-3190
7.64,7.64,detected,detected,239.308087031822,239.308087031822,stead_event_01078,12576674,8,15.7,-360,-8060
4.94,4.94,detected,detected,239.308087031822,239.308087031822,stead_event_01080,12576732,5,10.89,-59.9999999999996,-5950
3.93,3.93,detected,detected,239.308087031822,239.308087031822,stead_event_01082,12578488,4,12.1,-69.9999999999998,-8170
8.59,8.59,detected,detected,239.308087031822,239.308087031822,stead_event_01088,12581808,9,16.9,-410,-8310
4.03,4.03,detected,detected,239.308087031822,239.308087031822,stead_event_01089,12742170,4,12.4,30.0000000000002,-8370
7.71,7.71,detected,detected,239.308087031822,239.308087031822,stead_event_01102,12582975,9,14.4,-1290,-6690
5.16,5.16,detected,detected,239.308087031822,239.308087031822,stead_event_01107,14843868,6,13.96,-840,-8800
8.95,8.95,detected,detected,239.308087031822,239.308087031822,stead_event_01111,12638914,9,16.3,-50.0000000000007,-7350
4.92,4.92,detected,detected,239.308087031822,239.308087031822,stead_event_01112,12669138,5,11.3,-80.0000000000001,-6380
7.71,7.71,detected,detected,239.308087031822,239.308087031822,stead_event_01116,12692694,8,15.93,-290,-8220
7.06,7.06,detected,detected,239.308087031822,239.308087031822,stead_event_01118,12738686,7,12.1,59.9999999999996,-5040
4.63,4.63,detected,detected,239.308087031822,239.308087031822,stead_event_01129,12821491,5,10.9,-370,-6270
6.08,6.08,detected,detected,239.308087031822,239.308087031822,stead_event_01130,12821492,7,14.59,-920,-8510
8.98,8.98,detected,detected,239.308087031822,239.308087031822,stead_event_01131,12824921,9,14.3,-19.9999999999996,-5320
6.97,6.97,detected,detected,239.308087031822,239.308087031822,stead_event_01132,12862188,7,11.8,-30.0000000000002,-4830
9.99,9.99,detected,detected,239.308087031822,239.308087031822,stead_event_01145,13231845,4,6.6,5990,3390
4.14,4.14,detected,detected,239.308087031822,239.308087031822,stead_event_01148,13324932,4,9.94,140,-5800
8.78,8.78,detected,detected,239.308087031822,239.308087031822,stead_event_01149,13324955,9,13.1,-220.000000000001,-4320
5.86,5.86,detected,detected,239.308087031822,239.308087031822,stead_event_01150,13347186,6,10.7,-140,-4840
4,4,detected,detected,239.308087031822,239.308087031822,stead_event_01174,603273129,4,9.64,0,-5640
9.97,9.97,detected,detected,239.308087031822,239.308087031822,stead_event_01178,ci10321469,4,8.77,5970,1200
8.1,8.1,detected,detected,239.308087031822,239.308087031822,stead_event_01186,se60006308,8,14.44,99.9999999999996,-6340
9.99,9.99,detected,detected,239.308087031822,239.308087031822,stead_event_01187,se60055323,4,8.7,5990,1290
5.02,5.02,detected,detected,239.308087031822,239.308087031822,stead_event_01202,605597273,5,11,19.9999999999996,-5980
3.09,3.09,detected,detected,239.308087031822,239.308087031822,stead_event_01219,ak16852320,4,9.9,-910,-6810
6.25,6.25,detected,detected,239.308087031822,239.308087031822,stead_event_01223,uw60403756,8,11.7,-1750,-5450
4.91,4.91,detected,detected,239.308087031822,239.308087031822,stead_event_01225,uw61343631,5.85,9,-940,-4090
8.72,8.72,detected,detected,239.308087031822,239.308087031822,stead_event_01235,uw60559447,9,12.5,-279.999999999999,-3780
9.99,9.99,detected,detected,239.308087031822,239.308087031822,stead_event_01236,uw10718583,5,7.5,4990,2490
4.93,4.93,detected,detected,239.308087031822,239.308087031822,stead_event_01237,uw60537116,5,10.1,-70.0000000000003,-5170
5.56,5.56,detected,detected,239.308087031822,239.308087031822,stead_event_01249,uw60403241,6,9.81,-440,-4250
9.01,9.01,detected,detected,239.308087031822,239.308087031822,stead_event_01260,uw61106652,9,12,9.99999999999979,-2990
8.97,8.97,detected,detected,239.308087031822,239.308087031822,stead_event_01263,uw61127281,9,12.3,-29.9999999999994,-3330
7.9,7.9,detected,detected,239.308087031822,239.308087031822,stead_event_01268,uw61335361,8,13.8,-99.9999999999996,-5900
6.06,6.06,detected,detected,239.308087031822,239.308087031822,stead_event_01270,uw60814126,6,11.8,59.9999999999996,-5740
8.63,8.63,detected,detected,239.308087031822,239.308087031822,stead_event_01276,uw10754098,9,10.4,-369.999999999999,-1770
6.58,6.58,detected,detected,239.308087031822,239.308087031822,stead_event_01278,uw10822653,7,10.5,-420,-3920
5.2,5.2,detected,detected,239.308087031822,239.308087031822,stead_event_01280,uw60802986,6,10.37,-800,-5170
6.97,6.97,detected,detected,239.308087031822,239.308087031822,stead_event_01288,uw61018456,7,12,-30.0000000000002,-5030
3.98,3.98,detected,detected,239.308087031822,239.308087031822,stead_event_01311,nc71529270,4,8,-20,-4020
5.87,5.87,detected,detected,239.308087031822,239.308087031822,stead_event_01317,nc71641181,6,10.6,-130,-4730
3.56,3.56,detected,detected,239.308087031822,239.308087031822,stead_event_01341,nc71913986,4,9.02,-440,-5460
6.66,6.66,detected,detected,239.308087031822,239.308087031822,stead_event_01345,nc71967435,7,11.1,-340,-4440
6.97,6.97,detected,detected,239.308087031822,239.308087031822,stead_event_01352,nc72016185,8,13.69,-1030,-6720
7.65,7.65,detected,detected,239.308087031822,239.308087031822,stead_event_01363,nc72181111,8,12.68,-350,-5030
4.69,4.69,detected,detected,239.308087031822,239.308087031822,stead_event_01365,nc72184666,5,9.68,-310,-4990
8.11,8.11,detected,detected,239.308087031822,239.308087031822,stead_event_01374,nc72317021,8,11.15,109.999999999999,-3040
5.11,5.11,detected,detected,239.308087031822,239.308087031822,stead_event_01375,nc72385361,5,8.15,110,-3040
7.97,7.97,detected,detected,239.308087031822,239.308087031822,stead_event_01383,nc72447196,8,10.3,-30.0000000000002,-2330
6.04,6.04,detected,detected,239.308087031822,239.308087031822,stead_event_01389,nc72554506,6,11.6,40,-5560
6.72,6.72,detected,detected,239.308087031822,239.308087031822,stead_event_01391,nc72562151,8,16.44,-1280,-9720
4.57,4.57,detected,detected,239.308087031822,239.308087031822,stead_event_01396,nc72754570,5,23.28,-430,-18710
6.5,6.5,detected,detected,239.308087031822,239.308087031822,stead_event_01397,nc72775466,7,23.09,-500,-16590
7.06,7.06,detected,detected,239.308087031822,239.308087031822,stead_event_01401,nc72935281,7.07,14.45,-10.0000000000007,-7390
8.97,8.97,detected,detected,239.308087031822,239.308087031822,stead_event_01408,nc73040151,9,16.74,-29.9999999999994,-7770
5.47,5.47,detected,detected,239.308087031822,239.308087031822,stead_event_01411,nc71454690,6,24.44,-530,-18970
3.85,3.85,detected,detected,239.308087031822,239.308087031822,stead_event_01416,nc71467050,4,20.42,-150,-16570
7.69,7.69,detected,detected,239.308087031822,239.308087031822,stead_event_01423,nc71496350,8,26.6,-310,-18910
5.49,5.49,detected,detected,239.308087031822,239.308087031822,stead_event_01429,nc71506955,6,13.65,-510,-8160
7.55,7.55,detected,detected,239.308087031822,239.308087031822,stead_event_01450,nc71570140,4,17.42,3550,-9870
9.12,9.12,detected,detected,239.308087031822,239.308087031822,stead_event_01456,nc71596680,9.12,21.6,-1.77635683940025e-12,-12480
6,6,detected,detected,239.308087031822,239.308087031822,stead_event_01460,nc71606825,6.01,15.55,-9.99999999999979,-9550
8.3,8.3,detected,detected,239.308087031822,239.308087031822,stead_event_01465,nc71631875,9,22.1,-699.999999999999,-13800
7.3,7.3,detected,detected,239.308087031822,239.308087031822,stead_event_01466,nc71646396,8,21.1,-700,-13800
4.28,4.28,detected,detected,239.308087031822,239.308087031822,stead_event_01468,nc71679826,5,18.1,-720,-13820
8.01,8.01,detected,detected,239.308087031822,239.308087031822,stead_event_01470,nc71680150,8,21.57,9.99999999999979,-13560
9.04,9.04,detected,detected,239.308087031822,239.308087031822,stead_event_01481,nc71742061,9,20.7,39.9999999999991,-11660
8,8,detected,detected,239.308087031822,239.308087031822,stead_event_01485,nc71770925,8,17.22,0,-9220
5.99,5.99,detected,detected,239.308087031822,239.308087031822,stead_event_01489,nc71786591,6,19.84,-9.99999999999979,-13850
9.92,9.92,detected,detected,239.308087031822,239.308087031822,stead_event_01493,nc71815591,9,21.44,920,-11520
5.62,5.62,detected,detected,239.308087031822,239.308087031822,stead_event_01496,nc71825176,6,13.88,-380,-8260
5.94,5.94,detected,detected,239.308087031822,239.308087031822,stead_event_01505,nc71839310,6,15.29,-59.9999999999996,-9350
8.01,8.01,detected,detected,239.308087031822,239.308087031822,stead_event_01507,nc71851530,8,19.72,9.99999999999979,-11710
8.86,8.86,detected,detected,239.308087031822,239.308087031822,stead_event_01509,nc71860730,9,21.33,-140.000000000001,-12470
3.95,3.95,detected,detected,239.308087031822,239.308087031822,stead_event_01513,nc71877765,5,16.5,-1050,-12550
7.57,7.57,detected,detected,239.308087031822,239.308087031822,stead_event_01540,nc71968980,8,17.59,-430,-10020
4.97,4.97,detected,detected,239.308087031822,239.308087031822,stead_event_01553,nc72003375,4.97,15.45,0,-10480
4.75,4.75,detected,detected,239.308087031822,239.308087031822,stead_event_01558,nc72016180,5,16.43,-250,-11680
8.63,8.63,detected,detected,239.308087031822,239.308087031822,stead_event_01560,nc72022080,9,22.65,-369.999999999999,-14020
8.02,8.02,detected,detected,239.308087031822,239.308087031822,stead_event_01562,nc72026795,8,17.12,19.9999999999996,-9100
4.8,4.8,detected,detected,239.308087031822,239.308087031822,stead_event_01585,nc72108385,5,11.46,-200,-6660
6.99,6.99,detected,detected,239.308087031822,239.308087031822,stead_event_01591,nc72134626,7,12.89,-9.99999999999979,-5900
6.99,6.99,detected,detected,239.308087031822,239.308087031822,stead_event_01594,nc72176266,7,12.41,-9.99999999999979,-5420
5.54,5.54,detected,detected,239.308087031822,239.308087031822,stead_event_01600,nc72188026,6,10.33,-460,-4790
4.95,4.95,detected,detected,239.308087031822,239.308087031822,stead_event_01614,nc72214546,5,9.01,-49.9999999999998,-4060
6.01,6.01,detected,detected,239.308087031822,239.308087031822,stead_event_01625,nc72232496,6,11,9.99999999999979,-4990
4.44,4.44,detected,detected,239.308087031822,239.308087031822,stead_event_01632,nc72269280,5,11.87,-560,-7430
7.96,7.96,detected,detected,239.308087031822,239.308087031822,stead_event_01640,nc72298456,8,13.63,-40,-5670
5.95,5.95,detected,detected,239.308087031822,239.308087031822,stead_event_01651,nc72337296,6,10.91,-49.9999999999998,-4960
5,5,detected,detected,239.308087031822,239.308087031822,stead_event_01657,nc72359291,5,10.8,0,-5800
9.99,9.99,detected,detected,239.308087031822,239.308087031822,stead_event_01664,nc72386701,10,17.09,-9.99999999999979,-7100
8,8,detected,detected,239.308087031822,239.308087031822,stead_event_01675,nc72390536,8,14.15,0,-6150
6.01,6.01,detected,detected,239.308087031822,239.308087031822,stead_event_01679,nc72395440,6,10.63,9.99999999999979,-4620
7.96,7.96,detected,detected,239.308087031822,239.308087031822,stead_event_01680,nc72399510,8,14.75,-40,-6790
9.01,9.01,detected,detected,239.308087031822,239.308087031822,stead_event_01696,nc72467211,9,12.63,9.99999999999979,-3620
6,6,detected,detected,239.308087031822,239.308087031822,stead_event_01703,nc72499126,6,11.3,0,-5300
5.97,5.97,detected,detected,239.308087031822,239.308087031822,stead_event_01705,nc72510886,6,11.62,-30.0000000000002,-5650
8.93,8.93,detected,detected,239.308087031822,239.308087031822,stead_event_01708,nc72517011,9,13.06,-70.0000000000003,-4130
9.99,9.99,detected,detected,239.308087031822,239.308087031822,stead_event_01712,nc72536860,5,7.72,4990,2270
7.99,7.99,detected,detected,239.308087031822,239.308087031822,stead_event_01713,nc72553581,8,12.86,-9.99999999999979,-4870
8.95,8.95,detected,detected,239.308087031822,239.308087031822,stead_event_01722,nc72572376,9,13.03,-50.0000000000007,-4080
5.35,5.35,detected,detected,239.308087031822,239.308087031822,stead_event_01726,nc72601870,6,11.92,-650,-6570
7.99,7.99,detected,detected,239.308087031822,239.308087031822,stead_event_01727,nc72603205,8,12.13,-9.99999999999979,-4140
9.97,9.97,detected,detected,239.308087031822,239.308087031822,stead_event_01739,nc72698771,5,8.17,4970,1800
9.99,9.99,detected,detected,239.308087031822,239.308087031822,stead_event_01741,nc72707626,10,14.96,-9.99999999999979,-4970
9.98,9.98,detected,detected,239.308087031822,239.308087031822,stead_event_01756,nc72770196,5,8.88,4980,1100
7.42,7.42,detected,detected,239.308087031822,239.308087031822,stead_event_01759,nc72780386,8,11.23,-580,-3810
9,9,detected,detected,239.308087031822,239.308087031822,stead_event_01768,nc72802901,9,13.8,0,-4800
6.98,6.98,detected,detected,239.308087031822,239.308087031822,stead_event_01776,nc72839026,7,11.09,-19.9999999999996,-4110
8.64,8.64,detected,detected,239.308087031822,239.308087031822,stead_event_01791,nc71467050,9,13.03,-359.999999999999,-4390
9.38,9.38,detected,detected,239.308087031822,239.308087031822,stead_event_01800,nc71570140,10,14.17,-619.999999999999,-4790
9.61,9.61,detected,detected,239.308087031822,239.308087031822,stead_event_01806,nc71646396,10,14.91,-390.000000000001,-5300
8.78,8.78,detected,detected,239.308087031822,239.308087031822,stead_event_01808,nc71770925,9,12.05,-220.000000000001,-3270
5.98,5.98,detected,detected,239.308087031822,239.308087031822,stead_event_01814,nc71840970,7,11.88,-1020,-5900
9.07,9.07,detected,detected,239.308087031822,239.308087031822,stead_event_01818,nc71913986,9,13.96,70.0000000000003,-4890
9.99,9.99,detected,detected,239.308087031822,239.308087031822,stead_event_01820,nc71988416,5,8.26,4990,1730
5.74,5.74,detected,detected,239.308087031822,239.308087031822,stead_event_01822,nc72016180,7,10.3,-1260,-4560
6.01,6.01,detected,detected,239.308087031822,239.308087031822,stead_event_01835,nc72176266,6,10.59,9.99999999999979,-4580
6.98,6.98,detected,detected,239.308087031822,239.308087031822,stead_event_01837,nc72188026,7,10.93,-19.9999999999996,-3950
5.86,5.86,detected,detected,239.308087031822,239.308087031822,stead_event_01840,nc72269280,6,10.62,-140,-4760
9.99,9.99,detected,detected,239.308087031822,239.308087031822,stead_event_01844,nc72298456,5,9.09,4990,900
9,9,detected,detected,239.308087031822,239.308087031822,stead_event_01846,nc72337296,9,14.74,0,-5740
5.99,5.99,detected,detected,239.308087031822,239.308087031822,stead_event_01848,nc72359291,7,11.59,-1010,-5600
4.66,4.66,detected,detected,239.308087031822,239.308087031822,stead_event_01858,nc72399510,5,11.67,-340,-7010
7,7,detected,detected,239.308087031822,239.308087031822,stead_event_01869,nc72499126,7,12.28,0,-5280
9.97,9.97,detected,detected,239.308087031822,239.308087031822,stead_event_01873,nc72603205,10,15.58,-29.9999999999994,-5610
9.99,9.99,detected,detected,239.308087031822,239.308087031822,stead_event_01888,nc72905946,10,14.11,-9.99999999999979,-4120
4.95,4.95,detected,detected,239.308087031822,239.308087031822,stead_event_01889,nc72909451,5,9.3,-49.9999999999998,-4350
4.5,4.5,detected,detected,239.308087031822,239.308087031822,stead_event_01900,nc71492645,5,10.57,-500,-6070
4.38,4.38,detected,detected,239.308087031822,239.308087031822,stead_event_01904,nc71539606,5,9.96,-620,-5580
7.41,7.41,detected,detected,239.308087031822,239.308087031822,stead_event_01919,nc71929281,9,13.45,-1590,-6040
6.97,6.97,detected,detected,239.308087031822,239.308087031822,stead_event_01934,nc72063716,8,13,-1030,-6030
4.99,4.99,detected,detected,239.308087031822,239.308087031822,stead_event_01947,nc72336276,5,10,-9.99999999999979,-5010
4.99,4.99,detected,detected,239.308087031822,239.308087031822,stead_event_01950,nc72351816,5,11.79,-9.99999999999979,-6800
9.99,9.99,detected,detected,239.308087031822,239.308087031822,stead_event_01958,nc72445361,10,16.71,-9.99999999999979,-6720
8,8,detected,detected,239.308087031822,239.308087031822,stead_event_01964,nc72500981,8,13.28,0,-5280
6.98,6.98,detected,detected,239.308087031822,239.308087031822,stead_event_01968,nc72603475,7,13.99,-19.9999999999996,-7010
6,6,detected,detected,239.308087031822,239.308087031822,stead_event_01972,nc72756280,6,11.9,0,-5900
5.97,5.97,detected,detected,239.308087031822,239.308087031822,stead_event_01974,nc72791686,6,10.62,-30.0000000000002,-4650
7.95,7.95,detected,detected,239.308087031822,239.308087031822,stead_event_01984,nc71504915,8,10.67,-49.9999999999998,-2720
8.99,8.99,detected,detected,239.308087031822,239.308087031822,stead_event_01985,nc71525316,9,12.09,-9.99999999999979,-3100
7.96,7.96,detected,detected,239.308087031822,239.308087031822,stead_event_02001,nc71751430,8,14.09,-40,-6130
8.34,8.34,detected,detected,239.308087031822,239.308087031822,stead_event_02009,nc71821526,9,10.4,-660,-2060
4.98,4.98,detected,detected,239.308087031822,239.308087031822,stead_event_02026,nc72248965,5,9.81,-19.9999999999996,-4830
6.98,6.98,detected,detected,239.308087031822,239.308087031822,stead_event_02031,nc72406100,7,9.92,-19.9999999999996,-2940
7.97,7.97,detected,detected,239.308087031822,239.308087031822,stead_event_02032,nc72408865,8,10.95,-30.0000000000002,-2980
6.34,6.34,detected,detected,239.308087031822,239.308087031822,stead_event_02036,nc72447356,7,10.56,-660,-4220
7.88,7.88,detected,detected,239.308087031822,239.308087031822,stead_event_02074,nc72830976,9,10.77,-1120,-2890
7.43,7.43,detected,detected,239.308087031822,239.308087031822,stead_event_02075,nc72868516,8,10.89,-570,-3460
4.95,4.95,detected,detected,239.308087031822,239.308087031822,stead_event_02095,nc71474226,5,7.62,-49.9999999999998,-2670
7.98,7.98,detected,detected,239.308087031822,239.308087031822,stead_event_02098,nc71509310,8,10.79,-19.9999999999996,-2810
5.42,5.42,detected,detected,239.308087031822,239.308087031822,stead_event_02116,nc71578390,6,10.42,-580,-5000
4.98,4.98,detected,detected,239.308087031822,239.308087031822,stead_event_02122,nc71598535,5,8.75,-19.9999999999996,-3770
4.47,4.47,detected,detected,239.308087031822,239.308087031822,stead_event_02132,nc71766300,5,8.93,-530,-4460
9.99,9.99,detected,detected,239.308087031822,239.308087031822,stead_event_02137,nc71816446,5,7.59,4990,2400
5.71,5.71,detected,detected,239.308087031822,239.308087031822,stead_event_02140,nc71835771,6,9.76,-290,-4050
5.9,5.9,detected,detected,239.308087031822,239.308087031822,stead_event_02142,nc71840090,6,8.61,-99.9999999999996,-2710
9.61,9.61,detected,detected,239.308087031822,239.308087031822,stead_event_02147,nc71874655,10,11.53,-390.000000000001,-1920
9.99,9.99,detected,detected,239.308087031822,239.308087031822,stead_event_02153,nc71938570,5,6.66,4990,3330
8.14,8.14,detected,detected,239.308087031822,239.308087031822,stead_event_02164,nc72099826,9,16.82,-859.999999999999,-8680
9.99,9.99,detected,detected,239.308087031822,239.308087031822,stead_event_02173,nc72121355,10,15.78,-9.99999999999979,-5790
4.93,4.93,detected,detected,239.308087031822,239.308087031822,stead_event_02193,nc72226416,5,8.38,-70.0000000000003,-3450
9.95,9.95,detected,detected,239.308087031822,239.308087031822,stead_event_02194,nc72227416,10,15.8,-50.0000000000007,-5850
9.99,9.99,detected,detected,239.308087031822,239.308087031822,stead_event_02195,nc72230581,5,6.27,4990,3720
7.67,7.67,detected,detected,239.308087031822,239.308087031822,stead_event_02198,nc72257926,8,10.88,-330,-3210
4.97,4.97,detected,detected,239.308087031822,239.308087031822,stead_event_02203,nc72296796,5,11.17,-30.0000000000002,-6200
9.99,9.99,detected,detected,239.308087031822,239.308087031822,stead_event_02211,nc72350221,5,6.86,4990,3130
5.38,5.38,detected,detected,239.308087031822,239.308087031822,stead_event_02220,nc72371466,6,8.67,-620,-3290
7.44,7.44,detected,detected,239.308087031822,239.308087031822,stead_event_02226,nc72388996,8,10.94,-560,-3500
7.32,7.32,detected,detected,239.308087031822,239.308087031822,stead_event_02227,nc72392715,9,16.57,-1680,-9250
5.97,5.97,detected,detected,239.308087031822,239.308087031822,stead_event_02229,nc72401890,6,11.35,-30.0000000000002,-5380
7,7,detected,detected,239.308087031822,239.308087031822,stead_event_02233,nc72436090,7,12.37,0,-5370
