Method,Mode,Policy,Phase,Tolerance_ms,BaseSeed,F1,MAE_ms,AcceptedCoverage,MedAE_ms,RMSE_ms,OutlierRate1s,meta_F1_SD
Stack,Full3C,accepted,P,50,42,0.7048732585703779,182.77850105060833,0.991919191919192,29.99999999999951,1178.0311255742124,0.014246478873105574,0.003344068854127927
Stack,Full3C,accepted,P,50,43,0.6978206900825326,129.4131890535559,0.9888888888888889,29.99999999999951,648.8037230730366,0.012257508037324552,0.005985969787118802
Stack,Full3C,accepted,P,50,44,0.6778565259651096,187.68156591398173,0.990909090909091,29.99999999999973,1218.5408894033974,0.012205129789227649,0.011594974691686867
Stack,Full3C,accepted,P,100,42,0.8296201435677233,182.77850105060833,0.991919191919192,29.99999999999951,1178.0311255742124,0.014246478873105574,0.009338716014028279
Stack,Full3C,accepted,P,100,43,0.831892982598828,129.4131890535559,0.9888888888888889,29.99999999999951,648.8037230730366,0.012257508037324552,0.004715366767445119
Stack,Full3C,accepted,P,100,44,0.8188943179014814,187.68156591398173,0.990909090909091,29.99999999999973,1218.5408894033974,0.012205129789227649,0.006783454209332149
Stack,Full3C,accepted,P,200,42,0.9066985065416788,182.77850105060833,0.991919191919192,29.99999999999951,1178.0311255742124,0.014246478873105574,0.006030007893923217
Stack,Full3C,accepted,P,200,43,0.9060414173454014,129.4131890535559,0.9888888888888889,29.99999999999951,648.8037230730366,0.012257508037324552,0.0036025686188098614
Stack,Full3C,accepted,P,200,44,0.9061608502603853,187.68156591398173,0.990909090909091,29.99999999999973,1218.5408894033974,0.012205129789227649,0.00797934589611381
Stack,Full3C,accepted,S,50,42,0.3633506370929684,554.4464285714286,0.9737373737373737,85.00000000000055,1776.923450133712,0.06951992753623189,0.012093430394378829
Stack,Full3C,accepted,S,50,43,0.3940945028716342,650.763399732384,0.9838383838383838,76.66666666666681,2225.2539884902744,0.08214042263122018,0.003135950628294264
Stack,Full3C,accepted,S,50,44,0.37087095525333136,625.669877491734,0.9828282828282828,86.6666666666666,2176.774754149035,0.08427460199147602,0.004573863891026191
Stack,Full3C,accepted,S,100,42,0.5455372030832153,554.4464285714286,0.9737373737373737,85.00000000000055,1776.923450133712,0.06951992753623189,0.00992358642741601
Stack,Full3C,accepted,S,100,43,0.5682261753810198,650.763399732384,0.9838383838383838,76.66666666666681,2225.2539884902744,0.08214042263122018,0.002243540617785728
Stack,Full3C,accepted,S,100,44,0.5471522860389895,625.669877491734,0.9828282828282828,86.6666666666666,2176.774754149035,0.08427460199147602,0.012879023174568053
Stack,Full3C,accepted,S,200,42,0.6724712914896964,554.4464285714286,0.9737373737373737,85.00000000000055,1776.923450133712,0.06951992753623189,0.008583293868223893
Stack,Full3C,accepted,S,200,43,0.6955228611919146,650.763399732384,0.9838383838383838,76.66666666666681,2225.2539884902744,0.08214042263122018,0.012591952668525197
Stack,Full3C,accepted,S,200,44,0.6867155595519089,625.669877491734,0.9828282828282828,86.6666666666666,2176.774754149035,0.08427460199147602,0.006024582806111702
Stack,Full3C,strict,P,50,42,0.7081668261383464,127.12036398026724,0.9797979797979798,29.99999999999936,652.4893869180183,0.01237123942437952,0.0030220957412413663
Stack,Full3C,strict,P,50,43,0.7004163677555889,127.06677608203317,0.9757575757575757,29.99999999999936,651.7546941659999,0.012422440122423642,0.007420536074366417
Stack,Full3C,strict,P,50,44,0.6819869183096833,102.8008281573498,0.9787878787878788,29.99999999999951,475.04660611461884,0.00928810320114668,0.009871306340652567
Stack,Full3C,strict,P,100,42,0.833671038066828,127.12036398026724,0.9797979797979798,29.99999999999936,652.4893869180183,0.01237123942437952,0.006454914758656945
Stack,Full3C,strict,P,100,43,0.8343618438446341,127.06677608203317,0.9757575757575757,29.99999999999936,651.7546941659999,0.012422440122423642,0.006457382378288216
Stack,Full3C,strict,P,100,44,0.8238982812719524,102.8008281573498,0.9787878787878788,29.99999999999951,475.04660611461884,0.00928810320114668,0.005068054104316257
Stack,Full3C,strict,P,200,42,0.9091855687510553,127.12036398026724,0.9797979797979798,29.99999999999936,652.4893869180183,0.01237123942437952,0.0034553414049203935
Stack,Full3C,strict,P,200,43,0.9079784547055063,127.06677608203317,0.9757575757575757,29.99999999999936,651.7546941659999,0.012422440122423642,0.003955777725702473
Stack,Full3C,strict,P,200,44,0.9096567227087529,102.8008281573498,0.9787878787878788,29.99999999999951,475.04660611461884,0.00928810320114668,0.005284973222963848
Stack,Full3C,strict,S,50,42,0.36720109427304987,480.48678393798457,0.9474747474747475,80.00000000000007,1614.63377416126,0.05758209292167862,0.009644380724988329
Stack,Full3C,strict,S,50,43,0.3951965227092627,527.0167761497889,0.9373737373737374,73.33333333333354,1811.3002930416073,0.070093930329217,0.005663465536343467
Stack,Full3C,strict,S,50,44,0.37664092656875336,486.9792718855219,0.9525252525252526,81.6666666666673,1639.2201187676535,0.07209896584896584,0.005289170457799523
Stack,Full3C,strict,S,100,42,0.5487360277245309,480.48678393798457,0.9474747474747475,80.00000000000007,1614.63377416126,0.05758209292167862,0.007375063882035143
Stack,Full3C,strict,S,100,43,0.5682974946970133,527.0167761497889,0.9373737373737374,73.33333333333354,1811.3002930416073,0.070093930329217,0.0017916585269588242
Stack,Full3C,strict,S,100,44,0.5525753619097644,486.9792718855219,0.9525252525252526,81.6666666666673,1639.2201187676535,0.07209896584896584,0.013083501929923927
Stack,Full3C,strict,S,200,42,0.675311682459884,480.48678393798457,0.9474747474747475,80.00000000000007,1614.63377416126,0.05758209292167862,0.0057105730632154225
Stack,Full3C,strict,S,200,43,0.6934323295104806,527.0167761497889,0.9373737373737374,73.33333333333354,1811.3002930416073,0.070093930329217,0.009357274482684794
Stack,Full3C,strict,S,200,44,0.6901309436353542,486.9792718855219,0.9525252525252526,81.6666666666673,1639.2201187676535,0.07209896584896584,0.0023424648848698513
Stack,Zonly,accepted,P,50,42,0.6768458748696129,145.35192866982055,0.9878787878787879,30.00000000000025,749.4043458798105,0.013286506700558939,0.00973618537296224
Stack,Zonly,accepted,P,50,43,0.6981334476772942,196.19265710431344,0.990909090909091,29.999999999999954,1212.5392840651486,0.015263250723373423,0.015820628055802803
Stack,Zonly,accepted,P,50,44,0.7079281981680066,193.35928666252386,0.991919191919192,29.999999999999655,1184.2295771123036,0.017298386082732868,0.011391871481962261
Stack,Zonly,accepted,P,100,42,0.8059024044131855,145.35192866982055,0.9878787878787879,30.00000000000025,749.4043458798105,0.013286506700558939,0.004080568418984966
Stack,Zonly,accepted,P,100,43,0.813798100160044,196.19265710431344,0.990909090909091,29.999999999999954,1212.5392840651486,0.015263250723373423,0.002445032391099051
Stack,Zonly,accepted,P,100,44,0.8204830830190356,193.35928666252386,0.991919191919192,29.999999999999655,1184.2295771123036,0.017298386082732868,0.002965409097964606
Stack,Zonly,accepted,P,200,42,0.8963377132377052,145.35192866982055,0.9878787878787879,30.00000000000025,749.4043458798105,0.013286506700558939,0.0032237871848181947
Stack,Zonly,accepted,P,200,43,0.907163517506098,196.19265710431344,0.990909090909091,29.999999999999954,1212.5392840651486,0.015263250723373423,0.0036460380272597772
Stack,Zonly,accepted,P,200,44,0.9087279473119702,193.35928666252386,0.991919191919192,29.999999999999655,1184.2295771123036,0.017298386082732868,0.0038112586593839416
Stack,Zonly,accepted,S,50,42,0.16913618467144934,1180.404688404399,0.9,246.66666666666674,2566.8119090675505,0.21608693255422948,0.01251340423912754
Stack,Zonly,accepted,S,50,43,0.1369130804111736,1332.6091179241864,0.9161616161616162,263.33333333333337,3084.788626475158,0.2289628180039139,0.015538946077087114
Stack,Zonly,accepted,S,50,44,0.15876626256176063,1005.8098549181933,0.9454545454545454,251.66666666666723,2299.36127109663,0.18066465893611358,0.024409193536275842
Stack,Zonly,accepted,S,100,42,0.28181916128507917,1180.404688404399,0.9,246.66666666666674,2566.8119090675505,0.21608693255422948,0.004192781572375181
Stack,Zonly,accepted,S,100,43,0.25192908240840645,1332.6091179241864,0.9161616161616162,263.33333333333337,3084.788626475158,0.2289628180039139,0.00496913300118506
Stack,Zonly,accepted,S,100,44,0.2720978543416283,1005.8098549181933,0.9454545454545454,251.66666666666723,2299.36127109663,0.18066465893611358,0.016052416549790647
Stack,Zonly,accepted,S,200,42,0.41758880793266523,1180.404688404399,0.9,246.66666666666674,2566.8119090675505,0.21608693255422948,0.016732439898578994
Stack,Zonly,accepted,S,200,43,0.41116749099998934,1332.6091179241864,0.9161616161616162,263.33333333333337,3084.788626475158,0.2289628180039139,0.0014823870656570145
Stack,Zonly,accepted,S,200,44,0.44247124824232104,1005.8098549181933,0.9454545454545454,251.66666666666723,2299.36127109663,0.18066465893611358,0.01982273857094883
Stack,Zonly,strict,P,50,42,0.6758639968789216,144.91547486390962,0.9787878787878788,30.00000000000025,752.2139689088306,0.013406947583787264,0.00839040821371911
Stack,Zonly,strict,P,50,43,0.6986367320432475,183.16024810901453,0.9808080808080808,29.999999999999954,1182.2778521335938,0.014403723050899967,0.01464952366854869
Stack,Zonly,strict,P,50,44,0.7113885130823524,127.49050406579336,0.9737373737373737,29.999999999999655,638.6298110493069,0.012435863862351876,0.009848141284293085
Stack,Zonly,strict,P,100,42,0.8044993203670976,144.91547486390962,0.9787878787878788,30.00000000000025,752.2139689088306,0.013406947583787264,0.0031597252351462913
Stack,Zonly,strict,P,100,43,0.8138713005357394,183.16024810901453,0.9808080808080808,29.999999999999954,1182.2778521335938,0.014403723050899967,0.002160236785630302
Stack,Zonly,strict,P,100,44,0.8239399070871901,127.49050406579336,0.9737373737373737,29.999999999999655,638.6298110493069,0.012435863862351876,0.004198417045701
Stack,Zonly,strict,P,200,42,0.8933039360785737,144.91547486390962,0.9787878787878788,30.00000000000025,752.2139689088306,0.013406947583787264,0.004721129738180004
Stack,Zonly,strict,P,200,43,0.9056664922853251,183.16024810901453,0.9808080808080808,29.999999999999954,1182.2778521335938,0.014403723050899967,0.0028802364350705924
Stack,Zonly,strict,P,200,44,0.9068511095036551,127.49050406579336,0.9737373737373737,29.999999999999655,638.6298110493069,0.012435863862351876,0.002195663184431258
Stack,Zonly,strict,S,50,42,0.1575309237351284,871.3060846032981,0.6454545454545455,198.33333333333266,2096.111408264172,0.16104670996311865,0.01778087617644818
Stack,Zonly,strict,S,50,43,0.13146434452133934,1264.030939183732,0.7181818181818181,216.6666666666665,3195.1562914616397,0.1966090256342173,0.013104896454078231
Stack,Zonly,strict,S,50,44,0.14673191745846229,893.5240280139833,0.7606060606060606,211.66666666666632,2105.7021752472037,0.16077924225245654,0.022810586847715694
Stack,Zonly,strict,S,100,42,0.26060278468506937,871.3060846032981,0.6454545454545455,198.33333333333266,2096.111408264172,0.16104670996311865,0.013043709170934925
Stack,Zonly,strict,S,100,43,0.2446080574577984,1264.030939183732,0.7181818181818181,216.6666666666665,3195.1562914616397,0.1966090256342173,0.002741228715698306
Stack,Zonly,strict,S,100,44,0.266194096458919,893.5240280139833,0.7606060606060606,211.66666666666632,2105.7021752472037,0.16077924225245654,0.007613083104279022
Stack,Zonly,strict,S,200,42,0.3854074464789558,871.3060846032981,0.6454545454545455,198.33333333333266,2096.111408264172,0.16104670996311865,0.030623939484947658
Stack,Zonly,strict,S,200,43,0.39861267115153126,1264.030939183732,0.7181818181818181,216.6666666666665,3195.1562914616397,0.1966090256342173,0.001381727060669107
Stack,Zonly,strict,S,200,44,0.42921093761553125,893.5240280139833,0.7606060606060606,211.66666666666632,2105.7021752472037,0.16077924225245654,0.01141830555712985
PhaseNetMatched,Full3C,accepted,P,50,42,0.9727272727272728,41.090909090908866,1.0,9.999999999999787,365.44451968759495,0.0030303030303030303,0
PhaseNetMatched,Full3C,accepted,P,50,43,0.9757575757575757,28.333333333333282,1.0,0.0,272.4762986634495,0.0030303030303030303,0
PhaseNetMatched,Full3C,accepted,P,50,44,0.9772382397572079,33.981762917932926,0.996969696969697,9.999999999999787,261.79529811572536,0.00303951367781155,0
PhaseNetMatched,Full3C,accepted,P,100,42,0.9818181818181818,41.090909090908866,1.0,9.999999999999787,365.44451968759495,0.0030303030303030303,0
PhaseNetMatched,Full3C,accepted,P,100,43,0.9848484848484849,28.333333333333282,1.0,0.0,272.4762986634495,0.0030303030303030303,0
PhaseNetMatched,Full3C,accepted,P,100,44,0.9833080424886191,33.981762917932926,0.996969696969697,9.999999999999787,261.79529811572536,0.00303951367781155,0
PhaseNetMatched,Full3C,accepted,P,200,42,0.9848484848484849,41.090909090908866,1.0,9.999999999999787,365.44451968759495,0.0030303030303030303,0
PhaseNetMatched,Full3C,accepted,P,200,43,0.9848484848484849,28.333333333333282,1.0,0.0,272.4762986634495,0.0030303030303030303,0
PhaseNetMatched,Full3C,accepted,P,200,44,0.9863429438543247,33.981762917932926,0.996969696969697,9.999999999999787,261.79529811572536,0.00303951367781155,0
PhaseNetMatched,Full3C,accepted,S,50,42,0.36666666666666664,179.54545454545453,1.0,80.00000000000007,386.90340192901164,0.015151515151515152,0
PhaseNetMatched,Full3C,accepted,S,50,43,0.4030534351145038,163.99999999999997,0.9848484848484849,70.00000000000028,379.62896866039324,0.006153846153846154,0
PhaseNetMatched,Full3C,accepted,S,50,44,0.3581183611532625,166.80851063829783,0.996969696969697,89.99999999999986,264.6945822726609,0.0060790273556231,0
PhaseNetMatched,Full3C,accepted,S,100,42,0.5787878787878787,179.54545454545453,1.0,80.00000000000007,386.90340192901164,0.015151515151515152,0
PhaseNetMatched,Full3C,accepted,S,100,43,0.6198473282442748,163.99999999999997,0.9848484848484849,70.00000000000028,379.62896866039324,0.006153846153846154,0
PhaseNetMatched,Full3C,accepted,S,100,44,0.5584218512898331,166.80851063829783,0.996969696969697,89.99999999999986,264.6945822726609,0.0060790273556231,0
PhaseNetMatched,Full3C,accepted,S,200,42,0.7484848484848485,179.54545454545453,1.0,80.00000000000007,386.90340192901164,0.015151515151515152,0
PhaseNetMatched,Full3C,accepted,S,200,43,0.7572519083969466,163.99999999999997,0.9848484848484849,70.00000000000028,379.62896866039324,0.006153846153846154,0
PhaseNetMatched,Full3C,accepted,S,200,44,0.7132018209408194,166.80851063829783,0.996969696969697,89.99999999999986,264.6945822726609,0.0060790273556231,0
PhaseNetMatched,Full3C,strict,P,50,42,0.9727272727272728,41.090909090908866,1.0,9.999999999999787,365.44451968759495,0.0030303030303030303,0
PhaseNetMatched,Full3C,strict,P,50,43,0.9757575757575757,28.333333333333282,1.0,0.0,272.4762986634495,0.0030303030303030303,0
PhaseNetMatched,Full3C,strict,P,50,44,0.9772382397572079,33.981762917932926,0.996969696969697,9.999999999999787,261.79529811572536,0.00303951367781155,0
PhaseNetMatched,Full3C,strict,P,100,42,0.9818181818181818,41.090909090908866,1.0,9.999999999999787,365.44451968759495,0.0030303030303030303,0
PhaseNetMatched,Full3C,strict,P,100,43,0.9848484848484849,28.333333333333282,1.0,0.0,272.4762986634495,0.0030303030303030303,0
PhaseNetMatched,Full3C,strict,P,100,44,0.9833080424886191,33.981762917932926,0.996969696969697,9.999999999999787,261.79529811572536,0.00303951367781155,0
PhaseNetMatched,Full3C,strict,P,200,42,0.9848484848484849,41.090909090908866,1.0,9.999999999999787,365.44451968759495,0.0030303030303030303,0
PhaseNetMatched,Full3C,strict,P,200,43,0.9848484848484849,28.333333333333282,1.0,0.0,272.4762986634495,0.0030303030303030303,0
PhaseNetMatched,Full3C,strict,P,200,44,0.9863429438543247,33.981762917932926,0.996969696969697,9.999999999999787,261.79529811572536,0.00303951367781155,0
PhaseNetMatched,Full3C,strict,S,50,42,0.3683409436834094,176.42201834862382,0.990909090909091,80.00000000000007,384.56655770993456,0.01529051987767584,0
PhaseNetMatched,Full3C,strict,S,50,43,0.40428790199081166,162.04334365325076,0.9787878787878788,70.00000000000028,377.5487174600485,0.006191950464396285,0
PhaseNetMatched,Full3C,strict,S,50,44,0.3567073170731707,163.92638036809814,0.9878787878787879,89.99999999999986,259.292335670423,0.006134969325153374,0
PhaseNetMatched,Full3C,strict,S,100,42,0.5814307458143074,176.42201834862382,0.990909090909091,80.00000000000007,384.56655770993456,0.01529051987767584,0
PhaseNetMatched,Full3C,strict,S,100,43,0.6186830015313936,162.04334365325076,0.9787878787878788,70.00000000000028,377.5487174600485,0.006191950464396285,0
PhaseNetMatched,Full3C,strict,S,100,44,0.5579268292682927,163.92638036809814,0.9878787878787879,89.99999999999986,259.292335670423,0.006134969325153374,0
PhaseNetMatched,Full3C,strict,S,200,42,0.7488584474885844,176.42201834862382,0.990909090909091,80.00000000000007,384.56655770993456,0.01529051987767584,0
PhaseNetMatched,Full3C,strict,S,200,43,0.7565084226646248,162.04334365325076,0.9787878787878788,70.00000000000028,377.5487174600485,0.006191950464396285,0
PhaseNetMatched,Full3C,strict,S,200,44,0.7134146341463414,163.92638036809814,0.9878787878787879,89.99999999999986,259.292335670423,0.006134969325153374,0
PhaseNetMatched,Zonly,accepted,P,50,42,0.9818181818181818,21.48484848484837,1.0,0.0,140.00757555261504,0.0030303030303030303,0
PhaseNetMatched,Zonly,accepted,P,50,43,0.9742033383915023,26.504559270516463,0.996969696969697,9.999999999999787,100.0729217403664,0.0,0
PhaseNetMatched,Zonly,accepted,P,50,44,0.9636363636363636,28.939393939393817,1.0,9.999999999999787,130.11999124351382,0.006060606060606061,0
PhaseNetMatched,Zonly,accepted,P,100,42,0.9878787878787879,21.48484848484837,1.0,0.0,140.00757555261504,0.0030303030303030303,0
PhaseNetMatched,Zonly,accepted,P,100,43,0.9833080424886191,26.504559270516463,0.996969696969697,9.999999999999787,100.0729217403664,0.0,0
PhaseNetMatched,Zonly,accepted,P,100,44,0.9787878787878788,28.939393939393817,1.0,9.999999999999787,130.11999124351382,0.006060606060606061,0
PhaseNetMatched,Zonly,accepted,P,200,42,0.9878787878787879,21.48484848484837,1.0,0.0,140.00757555261504,0.0030303030303030303,0
PhaseNetMatched,Zonly,accepted,P,200,43,0.9833080424886191,26.504559270516463,0.996969696969697,9.999999999999787,100.0729217403664,0.0,0
PhaseNetMatched,Zonly,accepted,P,200,44,0.9787878787878788,28.939393939393817,1.0,9.999999999999787,130.11999124351382,0.006060606060606061,0
PhaseNetMatched,Zonly,accepted,S,50,42,0.15151515151515152,602.4242424242425,1.0,200.00000000000017,1799.6986279694586,0.09090909090909091,0
PhaseNetMatched,Zonly,accepted,S,50,43,0.1735159817351598,441.9877675840979,0.990909090909091,180.00000000000148,1131.176081437866,0.08256880733944955,0
PhaseNetMatched,Zonly,accepted,S,50,44,0.16666666666666666,468.48484848484856,1.0,209.99999999999997,1260.0610855803536,0.08181818181818182,0
PhaseNetMatched,Zonly,accepted,S,100,42,0.29393939393939394,602.4242424242425,1.0,200.00000000000017,1799.6986279694586,0.09090909090909091,0
PhaseNetMatched,Zonly,accepted,S,100,43,0.319634703196347,441.9877675840979,0.990909090909091,180.00000000000148,1131.176081437866,0.08256880733944955,0
PhaseNetMatched,Zonly,accepted,S,100,44,0.28484848484848485,468.48484848484856,1.0,209.99999999999997,1260.0610855803536,0.08181818181818182,0
PhaseNetMatched,Zonly,accepted,S,200,42,0.503030303030303,602.4242424242425,1.0,200.00000000000017,1799.6986279694586,0.09090909090909091,0
PhaseNetMatched,Zonly,accepted,S,200,43,0.5357686453576864,441.9877675840979,0.990909090909091,180.00000000000148,1131.176081437866,0.08256880733944955,0
PhaseNetMatched,Zonly,accepted,S,200,44,0.49696969696969695,468.48484848484856,1.0,209.99999999999997,1260.0610855803536,0.08181818181818182,0
PhaseNetMatched,Zonly,strict,P,50,42,0.9833080424886191,18.510638297872227,0.996969696969697,0.0,128.9270663974327,0.00303951367781155,0
PhaseNetMatched,Zonly,strict,P,50,43,0.9710806697108066,26.51376146788965,0.990909090909091,9.999999999999787,100.35868394625888,0.0,0
PhaseNetMatched,Zonly,strict,P,50,44,0.9665653495440729,22.804878048780367,0.9939393939393939,9.999999999999787,102.46355687660308,0.0,0
PhaseNetMatched,Zonly,strict,P,100,42,0.9893778452200304,18.510638297872227,0.996969696969697,0.0,128.9270663974327,0.00303951367781155,0
PhaseNetMatched,Zonly,strict,P,100,43,0.9802130898021308,26.51376146788965,0.990909090909091,9.999999999999787,100.35868394625888,0.0,0
PhaseNetMatched,Zonly,strict,P,100,44,0.9817629179331308,22.804878048780367,0.9939393939393939,9.999999999999787,102.46355687660308,0.0,0
PhaseNetMatched,Zonly,strict,P,200,42,0.9893778452200304,18.510638297872227,0.996969696969697,0.0,128.9270663974327,0.00303951367781155,0
PhaseNetMatched,Zonly,strict,P,200,43,0.9802130898021308,26.51376146788965,0.990909090909091,9.999999999999787,100.35868394625888,0.0,0
PhaseNetMatched,Zonly,strict,P,200,44,0.9817629179331308,22.804878048780367,0.9939393939393939,9.999999999999787,102.46355687660308,0.0,0
PhaseNetMatched,Zonly,strict,S,50,42,0.15267175572519084,551.3846153846155,0.9848484848484849,199.9999999999993,1622.7120698196775,0.08615384615384615,0
PhaseNetMatched,Zonly,strict,S,50,43,0.16923076923076924,413.84375000000006,0.9696969696969697,179.99999999999972,1043.874842833182,0.078125,0
PhaseNetMatched,Zonly,strict,S,50,44,0.16819571865443425,438.8580246913581,0.9818181818181818,199.99999999999972,1131.4069957903996,0.08024691358024691,0
PhaseNetMatched,Zonly,strict,S,100,42,0.2961832061068702,551.3846153846155,0.9848484848484849,199.9999999999993,1622.7120698196775,0.08615384615384615,0
PhaseNetMatched,Zonly,strict,S,100,43,0.3169230769230769,413.84375000000006,0.9696969696969697,179.99999999999972,1043.874842833182,0.078125,0
PhaseNetMatched,Zonly,strict,S,100,44,0.2874617737003058,438.8580246913581,0.9818181818181818,199.99999999999972,1131.4069957903996,0.08024691358024691,0
PhaseNetMatched,Zonly,strict,S,200,42,0.5038167938931297,551.3846153846155,0.9848484848484849,199.9999999999993,1622.7120698196775,0.08615384615384615,0
PhaseNetMatched,Zonly,strict,S,200,43,0.5323076923076923,413.84375000000006,0.9696969696969697,179.99999999999972,1043.874842833182,0.078125,0
PhaseNetMatched,Zonly,strict,S,200,44,0.4984709480122324,438.8580246913581,0.9818181818181818,199.99999999999972,1131.4069957903996,0.08024691358024691,0
